order_id,buyer_id,supplier_id,order_date,order_seq,n_skus,gmv,status,cogs_ratio,cogs,gross_profit
0,B0000,S013,2026-05-20,1,1,48.76,completed,0.6046519053996419,29.482826907286537,19.27717309271346
1,B0000,S025,2026-06-26,2,4,180.85,completed,0.5959909211782173,107.7849580950806,73.0650419049194
2,B0001,S005,2026-04-15,1,4,147.08,completed,0.6402774048659351,94.17200070768175,52.907999292318266
3,B0001,S027,2026-05-01,2,2,59.59,completed,0.5562268165769023,33.14555599981761,26.444444000182393
4,B0001,S012,2026-05-24,3,3,166.37,completed,0.680902242856227,113.28170614399049,53.088293856009514
5,B0001,S014,2026-06-02,4,2,90.88,completed,0.7401727124500821,67.26689610746345,23.613103892536543
6,B0002,S007,2026-02-14,1,9,141.32,completed,0.7089619097499859,100.19049708586799,41.129502914132004
7,B0003,S012,2026-04-26,1,6,393.1,completed,0.680902242856227,267.66267166678284,125.43732833321718
8,B0003,S009,2026-05-12,2,3,148.14,cancelled,0.5941539225577521,88.01796208770538,60.1220379122946
9,B0004,S000,2026-04-04,1,3,84.33,completed,0.6866590753213011,57.90595982184532,26.424040178154677
10,B0004,S004,2026-05-14,2,2,67.69,completed,0.6352362604471946,42.9991424696706,24.690857530329396
11,B0004,S019,2026-06-09,3,4,171.98,completed,0.6777051895328171,116.55173849585388,55.42826150414611
12,B0005,S024,2026-02-04,1,7,249.44,cancelled,0.7288198407358268,181.79682107314466,67.64317892685534
13,B0005,S008,2026-02-11,2,3,115.25,completed,0.6887364451562977,79.37687530426331,35.87312469573669
14,B0005,S016,2026-03-07,3,5,161.68,completed,0.6364669602085204,102.90397812651359,58.776021873486414
15,B0005,S023,2026-04-06,4,4,120.15,completed,0.6318668012630086,75.91879617175049,44.23120382824952
16,B0005,S022,2026-04-11,5,4,111.69,completed,0.7467955295919657,83.40959270012665,28.280407299873346
17,B0005,S000,2026-04-16,6,8,472.39,completed,0.6866590753213011,324.37088059102945,148.01911940897054
18,B0006,S017,2026-05-21,1,5,152.76,completed,0.7387231840335198,112.84735359296047,39.91264640703952
19,B0006,S014,2026-06-11,2,4,92.29,completed,0.7401727124500821,68.31053963201808,23.97946036798193
20,B0007,S020,2026-05-20,1,2,73.47,completed,0.6295188795925589,46.250752083665304,27.219247916334695
21,B0007,S010,2026-06-05,2,4,85.86,completed,0.5664762091231685,48.63764731531525,37.22235268468475
22,B0008,S028,2026-03-26,1,6,278.08,cancelled,0.680333365075177,189.1871021601052,88.89289783989477
23,B0008,S025,2026-03-29,2,2,46.56,completed,0.5959909211782173,27.7493372900578,18.810662709942203
24,B0009,S003,2026-04-21,1,2,54.95,completed,0.7494249000315423,41.18089825673325,13.769101743266752
25,B0009,S020,2026-05-04,2,1,44.83,completed,0.6295188795925589,28.221331372134415,16.608668627865583
26,B0009,S009,2026-06-19,3,2,40.83,completed,0.5941539225577521,24.259304658033017,16.57069534196698
27,B0010,S023,2026-04-27,1,1,48.34,completed,0.6318668012630086,30.54444117305384,17.795558826946163
28,B0011,S021,2026-04-11,1,3,93.46,cancelled,0.604843040469734,56.52863056230134,36.931369437698656
29,B0011,S022,2026-05-22,2,2,108.64,completed,0.7467955295919657,81.13186633487116,27.508133665128838
30,B0011,S024,2026-05-28,3,4,125.14,completed,0.7288198407358268,91.20451486968138,33.935485130318625
31,B0011,S029,2026-06-17,4,2,129.51,completed,0.6237052687447523,80.77606935513286,48.73393064486713
32,B0012,S005,2026-04-17,1,1,19.19,completed,0.6402774048659351,12.286923399377295,6.903076600622706
33,B0012,S008,2026-05-31,2,3,97.55,completed,0.6887364451562977,67.18624022499684,30.36375977500316
34,B0013,S008,2026-02-26,1,4,93.3,completed,0.6887364451562977,64.25911033308257,29.040889666917423
35,B0013,S027,2026-03-28,2,3,124.04,completed,0.5562268165769023,68.99437432819897,55.045625671801034
36,B0013,S027,2026-04-08,3,3,73.36,completed,0.5562268165769023,40.80479926408155,32.55520073591845
37,B0014,S027,2026-01-03,1,3,125.07,completed,0.5562268165769023,69.56728794927317,55.50271205072683
38,B0015,S004,2026-04-11,1,4,218.72,completed,0.6352362604471946,138.9388748850104,79.7811251149896
39,B0016,S012,2026-02-13,1,1,27.75,completed,0.680902242856227,18.8950372392603,8.8549627607397
40,B0016,S022,2026-02-13,2,2,53.49,completed,0.7467955295919657,39.94609287787425,13.543907122125752
41,B0016,S028,2026-02-20,3,8,226.11,completed,0.680333365075177,153.8301771771483,72.27982282285171
42,B0016,S027,2026-05-24,4,5,272.4,completed,0.5562268165769023,151.5161848355482,120.88381516445179
43,B0017,S018,2026-05-10,1,3,141.23,completed,0.6339454633852245,89.53211779389525,51.69788220610474
44,B0017,S005,2026-05-28,2,4,243.57,completed,0.6402774048659351,155.9523675031958,87.61763249680419
45,B0017,S003,2026-06-09,3,4,248.33,completed,0.7494249000315423,186.1046854248329,62.22531457516712
46,B0017,S007,2026-06-25,4,4,80.15,completed,0.7089619097499859,56.82329706646137,23.326702933538634
47,B0018,S025,2026-02-09,1,3,77.2,completed,0.5959909211782173,46.01049911495838,31.189500885041625
48,B0019,S004,2026-03-02,1,2,54.57,cancelled,0.6352362604471946,34.66484273260341,19.90515726739659
49,B0019,S007,2026-04-03,2,6,268.85,completed,0.7089619097499859,190.6044094362837,78.24559056371632
50,B0019,S003,2026-05-16,3,1,44.67,completed,0.7494249000315423,33.476810284409,11.193189715591004
51,B0019,S013,2026-05-22,4,7,232.88,completed,0.6046519053996419,140.8113357294686,92.0686642705314
52,B0019,S021,2026-06-09,5,5,208.21,completed,0.604843040469734,125.93436945620333,82.27563054379668
53,B0020,S022,2026-02-08,1,3,161.35,completed,0.7467955295919657,120.49545869966366,40.85454130033634
54,B0020,S021,2026-02-10,2,4,142.87,completed,0.604843040469734,86.4139251919109,56.4560748080891
55,B0020,S008,2026-02-11,3,4,189.24,completed,0.6887364451562977,130.3364848813778,58.90351511862221
56,B0020,S005,2026-02-21,4,4,231.94,completed,0.6402774048659351,148.50594128460497,83.43405871539503
57,B0020,S016,2026-04-01,5,5,301.17,completed,0.6364669602085204,191.6847544060001,109.4852455939999
58,B0020,S003,2026-05-02,6,4,201.38,cancelled,0.7494249000315423,150.91918636835197,50.46081363164802
59,B0020,S029,2026-06-09,7,2,31.77,completed,0.6237052687447523,19.81511638802078,11.95488361197922
60,B0020,S013,2026-06-28,8,6,107.38,completed,0.6046519053996419,64.92752160181354,42.45247839818646
61,B0021,S024,2026-06-20,1,4,116.26,cancelled,0.7288198407358268,84.73259468394723,31.52740531605278
62,B0022,S009,2026-03-21,1,4,133.85,completed,0.5941539225577521,79.52750253435512,54.32249746564487
63,B0023,S018,2026-03-15,1,3,94.18,completed,0.6339454633852245,59.704983741620445,34.47501625837956
64,B0023,S023,2026-04-18,2,2,57.73,completed,0.6318668012630086,36.477670436913485,21.252329563086512
65,B0023,S027,2026-04-27,3,2,77.63,completed,0.5562268165769023,43.17988777086492,34.45011222913507
66,B0023,S019,2026-06-05,4,4,130.91,completed,0.6777051895328171,88.71838636174108,42.191613638258914
67,B0023,S007,2026-06-08,5,8,183.79,completed,0.7089619097499859,130.3001093929499,53.489890607050086
68,B0023,S006,2026-06-19,6,5,190.02,completed,0.5827247642383339,110.72935970056821,79.2906402994318
69,B0024,S010,2026-03-04,1,6,323.36,completed,0.5664762091231685,183.17574698206778,140.18425301793224
70,B0024,S026,2026-03-07,2,2,98.03,completed,0.5926209408050167,58.094630827115786,39.935369172884215
71,B0025,S027,2026-02-22,1,5,252.74,completed,0.5562268165769023,140.5807656216463,112.15923437835372
72,B0026,S008,2026-04-21,1,5,274.02,completed,0.6887364451562977,188.7275607017287,85.29243929827129
73,B0027,S022,2026-02-28,1,5,79.23,completed,0.7467955295919657,59.16860980957145,20.061390190428554
74,B0027,S013,2026-03-27,2,3,171.36,completed,0.6046519053996419,103.61315050928263,67.74684949071738
75,B0028,S005,2026-04-14,1,6,365.82,completed,0.6402774048659351,234.22628024805638,131.5937197519436
76,B0028,S022,2026-04-30,2,4,68.88,completed,0.7467955295919657,51.4392760782946,17.4407239217054
77,B0028,S000,2026-05-01,3,4,176.26,completed,0.6866590753213011,121.03052861613253,55.22947138386746
78,B0028,S007,2026-05-14,4,7,229.04,completed,0.7089619097499859,162.38063580913675,66.65936419086324
79,B0028,S020,2026-05-15,5,4,74.13,completed,0.6295188795925589,46.66623454419639,27.463765455803603
80,B0029,S008,2026-03-01,1,2,114.07,completed,0.6887364451562977,78.56416629897888,35.50583370102112
81,B0029,S018,2026-03-15,2,2,64.45,completed,0.6339454633852245,40.85778511517772,23.592214884822283
82,B0029,S001,2026-04-21,3,4,198.55,completed,0.6391805412753497,126.9092964702207,71.64070352977932
83,B0030,S012,2026-02-04,1,3,73.19,completed,0.680902242856227,49.83523515464726,23.35476484535274
84,B0031,S029,2026-04-04,1,6,101.45,completed,0.6237052687447523,63.27489951415512,38.17510048584488
85,B0031,S010,2026-04-22,2,2,66.76,completed,0.5664762091231685,37.817951721062734,28.94204827893727
86,B0031,S020,2026-04-30,3,7,352.86,completed,0.6295188795925589,222.13203185303036,130.72796814696966
87,B0032,S004,2026-02-14,1,3,54.2,cancelled,0.6352362604471946,34.42980531623795,19.77019468376205
88,B0033,S024,2026-04-24,1,2,97.27,completed,0.7288198407358268,70.89230590837387,26.377694091626125
89,B0033,S029,2026-06-24,2,1,32.6,completed,0.6237052687447523,20.332791761078926,12.267208238921075
90,B0034,S024,2026-03-21,1,7,349.74,completed,0.7288198407358268,254.8974510989481,94.84254890105191
91,B0035,S000,2026-01-25,1,4,214.75,completed,0.6866590753213011,147.4600364252494,67.2899635747506
92,B0035,S009,2026-02-17,2,3,96.51,completed,0.5941539225577521,57.34179506604866,39.168204933951344
93,B0035,S004,2026-03-20,3,4,98.63,completed,0.6352362604471946,62.6533523679068,35.9766476320932
94,B0036,S010,2026-01-14,1,2,97.25,completed,0.5664762091231685,55.08981133722814,42.16018866277186
95,B0037,S022,2026-04-09,1,4,79.1,cancelled,0.7467955295919657,59.071526390724486,20.02847360927551
96,B0038,S012,2026-04-08,1,1,29.01,cancelled,0.680902242856227,19.752974065259146,9.257025934740856
97,B0038,S006,2026-04-19,2,4,194.9,completed,0.5827247642383339,113.57305655005128,81.32694344994873
98,B0038,S002,2026-06-02,3,5,83.47,completed,0.6047253332563332,50.47642356690613,32.99357643309387
99,B0040,S016,2026-03-30,1,3,53.79,completed,0.6364669602085204,34.235557789616315,19.554442210383684
100,B0040,S022,2026-04-02,2,1,47.99,completed,0.7467955295919657,35.838717465118435,12.151282534881567
101,B0040,S009,2026-05-20,3,8,438.85,completed,0.5941539225577521,260.74444891446956,178.10555108553046
102,B0040,S002,2026-06-04,4,8,312.85,completed,0.6047253332563332,189.18832050924385,123.66167949075617
103,B0041,S015,2026-06-18,1,4,211.16,completed,0.5802115783561801,122.51747688569098,88.64252311430901
104,B0042,S003,2026-05-04,1,3,150.5,completed,0.7494249000315423,112.78844745474711,37.711552545252886
105,B0042,S021,2026-06-09,2,4,95.32,completed,0.604843040469734,57.65363861757504,37.66636138242495
106,B0042,S010,2026-06-14,3,2,49.67,completed,0.5664762091231685,28.13687330714778,21.53312669285222
107,B0043,S010,2026-01-10,1,7,375.11,completed,0.5664762091231685,212.49089080419176,162.61910919580825
108,B0043,S025,2026-03-17,2,5,254.74,completed,0.5959909211782173,151.82272726093908,102.91727273906093
109,B0043,S010,2026-04-30,3,4,160.05,completed,0.5664762091231685,90.66451727016313,69.38548272983688
110,B0044,S013,2026-02-09,1,1,50.28,completed,0.6046519053996419,30.401897803493995,19.878102196506006
111,B0045,S020,2026-06-21,1,2,62.03,completed,0.6295188795925589,39.04905610112643,22.98094389887357
112,B0045,S003,2026-06-23,2,3,159.51,completed,0.7494249000315423,119.5407658040313,39.969234195968696
113,B0046,S022,2026-03-26,1,5,263.54,completed,0.7467955295919657,196.81049386866667,66.72950613133335
114,B0047,S010,2026-04-22,1,4,231.23,cancelled,0.5664762091231685,130.98629383555024,100.24370616444975
115,B0047,S001,2026-05-18,2,3,189.74,completed,0.6391805412753497,121.27811590158487,68.46188409841514
116,B0048,S009,2026-01-08,1,7,326.54,cancelled,0.5941539225577521,194.0150218720084,132.52497812799163
117,B0048,S005,2026-01-13,2,4,78.0,completed,0.6402774048659351,49.941637579542935,28.058362420457065
118,B0049,S010,2026-03-10,1,5,102.22,completed,0.5664762091231685,57.90519809657029,44.31480190342971
119,B0049,S023,2026-03-30,2,6,282.86,completed,0.6318668012630086,178.72984340525463,104.13015659474539
120,B0049,S018,2026-04-13,3,8,219.19,completed,0.6339454633852245,138.95450611940737,80.23549388059263
121,B0049,S016,2026-04-14,4,4,59.86,completed,0.6364669602085204,38.098912238082036,21.761087761917963
122,B0049,S009,2026-04-18,5,4,162.05,completed,0.5941539225577521,96.28264315048374,65.76735684951628
123,B0049,S026,2026-05-03,6,2,82.78,completed,0.5926209408050167,49.05716147983928,33.72283852016072
124,B0049,S023,2026-05-09,7,7,105.08,completed,0.6318668012630086,66.39656347671695,38.68343652328305
125,B0050,S025,2026-04-20,1,5,194.95,completed,0.5959909211782173,116.18843008369345,78.76156991630654
126,B0050,S006,2026-05-18,2,2,60.87,completed,0.5827247642383339,35.470456399187384,25.399543600812613
127,B0050,S014,2026-05-24,3,6,329.04,completed,0.7401727124500821,243.546429304575,85.493570695425
128,B0050,S022,2026-06-07,4,5,163.47,completed,0.7467955295919657,122.07866522239864,41.39133477760136
129,B0051,S008,2026-01-13,1,6,205.44,completed,0.6887364451562977,141.4940152929098,63.94598470709019
130,B0051,S006,2026-02-15,2,3,94.74,completed,0.5827247642383339,55.207344163939744,39.53265583606025
131,B0051,S026,2026-03-12,3,4,136.35,completed,0.5926209408050167,80.80386527876402,55.54613472123597
132,B0052,S019,2026-02-26,1,8,421.93,completed,0.6777051895328171,285.94415061958154,135.98584938041847
133,B0052,S018,2026-03-01,2,5,200.81,completed,0.6339454633852245,127.30258850238694,73.50741149761306
134,B0052,S000,2026-04-18,3,3,151.1,completed,0.6866590753213011,103.75418628104859,47.345813718951405
135,B0052,S002,2026-04-28,4,7,240.41,completed,0.6047253332563332,145.38201736815506,95.02798263184494
136,B0052,S022,2026-04-29,5,4,165.07,completed,0.7467955295919657,123.27353806974577,41.796461930254225
137,B0052,S029,2026-04-30,6,5,278.3,completed,0.6237052687447523,173.57717629166456,104.72282370833545
138,B0052,S000,2026-05-04,7,5,173.28,completed,0.6866590753213011,118.98428457167506,54.29571542832494
139,B0052,S021,2026-05-10,8,8,496.92,completed,0.604843040469734,300.55860367022024,196.36139632977978
140,B0053,S019,2026-03-03,1,2,88.69,completed,0.6777051895328171,60.10567325966555,28.584326740334447
141,B0053,S001,2026-04-05,2,6,141.7,completed,0.6391805412753497,90.57188269871705,51.12811730128294
142,B0053,S018,2026-04-30,3,1,60.23,completed,0.6339454633852245,38.18253525969207,22.04746474030793
143,B0053,S026,2026-05-20,4,3,126.74,cancelled,0.5926209408050167,75.10877803762781,51.63122196237218
144,B0053,S008,2026-06-18,5,7,123.61,completed,0.6887364451562977,85.13471198576997,38.47528801423003
145,B0053,S002,2026-06-22,6,7,396.14,completed,0.6047253332563332,239.55589351616382,156.58410648383617
146,B0054,S014,2026-02-25,1,1,24.68,completed,0.7401727124500821,18.267462543268024,6.412537456731975
147,B0055,S021,2026-04-28,1,3,167.45,completed,0.604843040469734,101.28096712665696,66.16903287334303
148,B0055,S007,2026-06-01,2,3,149.85,completed,0.7089619097499859,106.23794217603538,43.61205782396462
149,B0056,S020,2026-03-15,1,5,279.82,completed,0.6295188795925589,176.15197288758984,103.66802711241016
150,B0056,S024,2026-03-23,2,7,216.89,cancelled,0.7288198407358268,158.07373525719348,58.81626474280651
151,B0056,S000,2026-03-27,3,4,162.95,completed,0.6866590753213011,111.891096323606,51.05890367639398
152,B0056,S011,2026-03-31,4,6,262.37,completed,0.6860998604149426,180.0120203770685,82.35797962293151
153,B0056,S016,2026-04-02,5,7,246.42,completed,0.6364669602085204,156.8381883345836,89.58181166541638
154,B0056,S025,2026-04-07,6,3,117.58,completed,0.5959909211782173,70.07661251213479,47.50338748786521
155,B0057,S025,2026-02-01,1,6,273.29,completed,0.5959909211782173,162.87835884879502,110.411641151205
156,B0057,S002,2026-02-14,2,4,191.58,completed,0.6047253332563332,115.85327934524831,75.7267206547517
157,B0057,S024,2026-04-06,3,3,117.01,completed,0.7288198407358268,85.2792095644991,31.730790435500907
158,B0057,S008,2026-05-01,4,3,165.81,completed,0.6887364451562977,114.19938997136573,51.61061002863427
159,B0057,S007,2026-05-20,5,5,202.06,completed,0.7089619097499859,143.25284348408215,58.80715651591785
160,B0057,S012,2026-05-23,6,4,128.28,completed,0.680902242856227,87.3461397135968,40.9338602864032
161,B0057,S007,2026-06-16,7,3,147.04,completed,0.7089619097499859,104.24575920963791,42.79424079036208
162,B0057,S026,2026-06-19,8,7,125.23,completed,0.5926209408050167,74.21392041701225,51.01607958298776
163,B0057,S008,2026-06-29,9,8,360.01,completed,0.6887364451562977,247.95200762071875,112.05799237928125
164,B0058,S005,2026-02-15,1,6,170.29,completed,0.6402774048659351,109.03283927462009,61.257160725379904
165,B0058,S009,2026-02-21,2,5,226.15,completed,0.5941539225577521,134.36790958643564,91.78209041356436
166,B0058,S000,2026-03-07,3,7,225.77,completed,0.6866590753213011,155.02701943529016,70.74298056470985
167,B0058,S028,2026-05-06,4,4,204.73,completed,0.680333365075177,139.284649831841,65.445350168159
168,B0058,S011,2026-05-24,5,7,217.17,completed,0.6860998604149426,149.00030668631308,68.1696933136869
169,B0058,S026,2026-05-29,6,3,53.73,completed,0.5926209408050167,31.841523149453547,21.88847685054645
170,B0058,S013,2026-05-31,7,5,82.88,completed,0.6046519053996419,50.11354991952231,32.76645008047768
171,B0058,S028,2026-06-30,8,9,408.99,completed,0.680333365075177,278.24954298209667,130.74045701790334
172,B0059,S011,2026-06-02,1,2,105.25,completed,0.6860998604149426,72.21201030867272,33.03798969132728
173,B0059,S000,2026-06-06,2,8,311.59,completed,0.6866590753213011,213.9561012793642,97.63389872063578
174,B0059,S025,2026-06-23,3,4,109.98,completed,0.5959909211782173,65.54708151118034,44.432918488819666
175,B0060,S028,2026-05-14,1,2,46.32,completed,0.680333365075177,31.5130414702822,14.8069585297178
176,B0060,S005,2026-06-07,2,3,166.13,completed,0.6402774048659351,106.3692852703778,59.760714729622194
177,B0061,S025,2026-03-05,1,4,74.66,completed,0.5959909211782173,44.4966821751657,30.163317824834294
178,B0061,S027,2026-03-16,2,4,104.57,completed,0.5562268165769023,58.16463820944667,46.40536179055332
179,B0061,S022,2026-03-25,3,2,94.8,completed,0.7467955295919657,70.79621620531834,24.003783794681652
180,B0061,S008,2026-06-25,4,5,78.76,completed,0.6887364451562977,54.24488242051001,24.515117579489996
181,B0062,S008,2026-02-08,1,6,223.74,completed,0.6887364451562977,154.09789223927007,69.64210776072994
182,B0063,S013,2026-05-09,1,6,323.01,completed,0.6046519053996419,195.3086119631383,127.70138803686169
183,B0063,S020,2026-05-17,2,3,172.05,completed,0.6295188795925589,108.30872323389977,63.74127676610024
184,B0063,S012,2026-05-23,3,3,80.23,cancelled,0.680902242856227,54.6287869443551,25.601213055644905
185,B0063,S022,2026-05-28,4,2,111.05,completed,0.7467955295919657,82.93164356118778,28.118356438812214
186,B0064,S016,2026-02-24,1,7,291.81,completed,0.6364669602085204,185.72742365844834,106.08257634155166
187,B0065,S020,2026-03-17,1,3,50.7,completed,0.6295188795925589,31.91660719534274,18.783392804657264
188,B0065,S008,2026-03-22,2,3,76.9,completed,0.6887364451562977,52.9638326325193,23.936167367480707
189,B0065,S026,2026-05-25,3,8,421.09,completed,0.5926209408050167,249.54675196358446,171.54324803641552
190,B0065,S008,2026-06-24,4,4,124.5,completed,0.6887364451562977,85.74768742195907,38.75231257804093
191,B0066,S012,2026-02-20,1,4,205.12,completed,0.680902242856227,139.6666680546693,65.45333194533072
192,B0066,S002,2026-03-23,2,4,204.89,completed,0.6047253332563332,123.9021735308901,80.98782646910989
193,B0066,S022,2026-03-31,3,6,135.43,completed,0.7467955295919657,101.13851857263992,34.29148142736008
194,B0066,S016,2026-04-11,4,3,149.43,completed,0.6364669602085204,95.10725786395922,54.32274213604079
195,B0067,S022,2026-03-07,1,8,442.69,completed,0.7467955295919657,330.5989129950673,112.09108700493272
196,B0067,S012,2026-03-13,2,2,78.13,completed,0.680902242856227,53.19889223435701,24.931107765642984
197,B0068,S028,2026-05-07,1,6,108.25,completed,0.680333365075177,73.64608676938792,34.60391323061208
198,B0068,S007,2026-06-11,2,6,351.4,completed,0.7089619097499859,249.12921508614502,102.27078491385495
199,B0069,S014,2026-04-19,1,5,215.47,completed,0.7401727124500821,159.48501435161918,55.984985648380814
200,B0069,S022,2026-04-27,2,2,95.14,completed,0.7467955295919657,71.05012668537962,24.089873314620377
201,B0069,S002,2026-05-02,3,5,95.95,completed,0.6047253332563332,58.023395725945164,37.92660427405484
202,B0069,S025,2026-05-03,4,3,108.79,completed,0.5959909211782173,64.83785231497826,43.95214768502174
203,B0069,S003,2026-05-31,5,5,196.75,cancelled,0.7494249000315423,147.44934908120595,49.30065091879405
204,B0069,S012,2026-06-02,6,4,111.97,completed,0.680902242856227,76.24062413261174,35.729375867388256
205,B0069,S005,2026-06-16,7,6,317.43,completed,0.6402774048659351,203.2432566265938,114.18674337340622
206,B0070,S019,2026-01-09,1,5,175.96,completed,0.6777051895328171,119.2490051501945,56.7109948498055
207,B0070,S008,2026-04-14,2,3,116.8,completed,0.6887364451562977,80.44441679425557,36.35558320574442
208,B0071,S022,2026-04-21,1,3,160.39,completed,0.7467955295919657,119.77853499125537,40.61146500874462
209,B0071,S018,2026-04-25,2,1,37.21,completed,0.6339454633852245,23.589110692564205,13.620889307435796
210,B0071,S014,2026-05-02,3,4,71.64,completed,0.7401727124500821,53.02597311992388,18.614026880076118
211,B0071,S007,2026-05-02,4,3,109.34,completed,0.7089619097499859,77.51789521206345,31.822104787936553
212,B0071,S028,2026-06-16,5,3,53.63,completed,0.680333365075177,36.48627836898175,17.143721631018252
213,B0072,S019,2026-06-05,1,4,90.33,completed,0.6777051895328171,61.21710977049937,29.11289022950063
214,B0073,S003,2026-03-11,1,2,106.23,completed,0.7494249000315423,79.61140713035074,26.618592869649262
215,B0074,S018,2026-03-31,1,6,138.5,completed,0.6339454633852245,87.8014466788536,50.698553321146406
216,B0074,S025,2026-04-03,2,2,70.07,completed,0.5959909211782173,41.76108384695768,28.30891615304231
217,B0075,S009,2026-02-10,1,2,122.23,completed,0.5941539225577521,72.62343395423405,49.60656604576596
218,B0075,S011,2026-02-13,2,4,58.77,completed,0.6860998604149426,40.32208879658618,18.447911203413824
219,B0075,S028,2026-02-16,3,5,208.61,completed,0.680333365075177,141.9243432883327,66.68565671166732
220,B0075,S017,2026-03-11,4,2,79.33,completed,0.7387231840335198,58.60291018937912,20.727089810620875
221,B0075,S011,2026-03-29,5,2,109.63,completed,0.6860998604149426,75.21712769729015,34.41287230270984
222,B0075,S001,2026-04-06,6,4,196.19,completed,0.6391805412753497,125.40083039281086,70.78916960718914
223,B0075,S011,2026-04-22,7,3,94.85,completed,0.6860998604149426,65.07657176035731,29.773428239642683
224,B0075,S023,2026-05-09,8,5,226.07,completed,0.6318668012630086,142.84612776152835,83.22387223847164
225,B0075,S015,2026-05-14,9,8,359.46,completed,0.5802115783561801,208.5628539559125,150.8971460440875
226,B0075,S020,2026-06-09,10,4,184.43,completed,0.6295188795925589,116.10216696325564,68.32783303674437
227,B0076,S014,2026-06-16,1,5,248.72,completed,0.7401727124500821,184.09575704058443,64.62424295941557
228,B0077,S012,2026-02-16,1,4,131.15,completed,0.680902242856227,89.30032915059418,41.849670849405825
229,B0078,S014,2026-04-02,1,6,249.44,completed,0.7401727124500821,184.62868139354848,64.81131860645152
230,B0079,S009,2026-02-15,1,2,87.48,completed,0.5941539225577521,51.97658514535216,35.50341485464784
231,B0079,S009,2026-02-23,2,3,151.55,completed,0.5941539225577521,90.04402696362735,61.505973036372666
232,B0079,S003,2026-03-04,3,5,133.11,completed,0.7494249000315423,99.7559484431986,33.35405155680141
233,B0079,S021,2026-03-12,4,6,252.47,completed,0.604843040469734,152.70472242739376,99.76527757260624
234,B0079,S010,2026-04-18,5,4,140.85,completed,0.5664762091231685,79.78817405499828,61.061825945001715
235,B0079,S016,2026-05-15,6,2,123.24,completed,0.6364669602085204,78.43818817609805,44.80181182390194
236,B0079,S024,2026-06-28,7,6,336.99,completed,0.7288198407358268,245.6049981295663,91.38500187043371
237,B0080,S028,2026-04-05,1,3,123.63,completed,0.680333365075177,84.10961392424413,39.520386075755866
238,B0081,S028,2026-01-23,1,4,175.06,completed,0.680333365075177,119.0991588900605,55.96084110993951
239,B0082,S020,2026-03-18,1,4,133.65,completed,0.6295188795925589,84.1351982575455,49.51480174245451
240,B0082,S018,2026-03-20,2,7,380.19,completed,0.6339454633852245,241.0197257244285,139.1702742755715
241,B0082,S000,2026-04-05,3,3,56.19,completed,0.6866590753213011,38.58337344230391,17.60662655769609
242,B0082,S017,2026-04-30,4,3,165.93,completed,0.7387231840335198,122.57633792668194,43.35366207331806
243,B0082,S016,2026-06-13,5,3,170.12,completed,0.6364669602085204,108.2757592706735,61.8442407293265
244,B0083,S020,2026-02-17,1,3,97.6,completed,0.6295188795925589,61.44104264823375,36.15895735176625
245,B0083,S027,2026-04-01,2,6,141.7,completed,0.5562268165769023,78.81733990894705,62.88266009105294
246,B0083,S002,2026-05-14,3,4,211.75,completed,0.6047253332563332,128.05058931702854,83.69941068297146
247,B0083,S005,2026-06-22,4,6,230.44,cancelled,0.6402774048659351,147.54552517730608,82.89447482269392
248,B0084,S024,2026-04-01,1,3,47.12,completed,0.7288198407358268,34.34199089547216,12.77800910452784
249,B0084,S026,2026-05-03,2,4,216.11,cancelled,0.5926209408050167,128.07131151737218,88.03868848262783
250,B0085,S014,2026-02-28,1,6,194.25,cancelled,0.7401727124500821,143.77854939342845,50.47145060657155
251,B0085,S022,2026-03-03,2,1,25.24,completed,0.7467955295919657,18.849119166901215,6.390880833098784
252,B0085,S027,2026-03-13,3,5,104.7,completed,0.5562268165769023,58.23694769560167,46.46305230439833
253,B0085,S012,2026-04-20,4,3,163.51,completed,0.680902242856227,111.33432572942168,52.17567427057831
254,B0085,S022,2026-05-04,5,8,262.92,completed,0.7467955295919657,196.34748064031965,66.57251935968037
255,B0086,S012,2026-04-29,1,1,49.67,completed,0.680902242856227,33.820414402668796,15.849585597331206
256,B0087,S010,2026-04-15,1,4,174.37,completed,0.5664762091231685,98.7764565848069,75.59354341519311
257,B0087,S012,2026-05-15,2,4,159.76,completed,0.680902242856227,108.78094231871083,50.97905768128916
258,B0087,S022,2026-05-20,3,5,113.64,completed,0.7467955295919657,84.86584398283098,28.77415601716902
259,B0087,S028,2026-05-29,4,4,200.52,completed,0.680333365075177,136.42044636487452,64.09955363512549
260,B0087,S017,2026-06-12,5,4,182.86,completed,0.7387231840335198,135.08292143236943,47.77707856763058
261,B0088,S022,2026-03-30,1,4,181.24,completed,0.7467955295919657,135.34922178324788,45.890778216752125
262,B0089,S004,2026-04-11,1,4,206.66,completed,0.6352362604471946,131.27792558401723,75.38207441598277
263,B0090,S022,2026-01-18,1,4,218.11,completed,0.7467955295919657,162.88357295930365,55.226427040696365
264,B0090,S018,2026-01-27,2,4,229.9,completed,0.6339454633852245,145.74406203226312,84.15593796773689
265,B0090,S024,2026-02-10,3,4,170.78,completed,0.7288198407358268,124.46785240086452,46.312147599135486
266,B0090,S029,2026-03-08,4,5,235.3,completed,0.6237052687447523,146.75784973564024,88.54215026435978
267,B0090,S019,2026-04-11,5,6,271.26,completed,0.6777051895328171,183.83430971267197,87.42569028732802
268,B0090,S012,2026-04-18,6,3,155.91,completed,0.680902242856227,106.15946868371435,49.750531316285645
269,B0090,S010,2026-05-01,7,6,333.4,cancelled,0.5664762091231685,188.8631681216644,144.5368318783356
270,B0090,S014,2026-05-09,8,6,342.16,completed,0.7401727124500821,253.2574952919201,88.90250470807993
271,B0090,S017,2026-05-14,9,4,131.88,completed,0.7387231840335198,97.42281351034059,34.45718648965941
272,B0090,S014,2026-06-22,10,7,109.33,cancelled,0.7401727124500821,80.92308265216748,28.40691734783252
273,B0091,S016,2026-02-01,1,1,58.72,completed,0.6364669602085204,37.37333990344432,21.34666009655568
274,B0091,S016,2026-02-23,2,4,95.19,completed,0.6364669602085204,60.58528994224906,34.604710057750935
275,B0091,S008,2026-03-09,3,8,359.62,completed,0.6887364451562977,247.6834004071078,111.93659959289221
276,B0091,S026,2026-03-22,4,4,226.2,completed,0.5926209408050167,134.05085681009479,92.1491431899052
277,B0091,S009,2026-04-30,5,3,111.12,completed,0.5941539225577521,66.02238387461742,45.09761612538259
278,B0091,S028,2026-05-05,6,4,198.48,cancelled,0.680333365075177,135.03256630012115,63.44743369987884
279,B0091,S023,2026-06-17,7,6,307.94,completed,0.6318668012630086,194.57706278093087,113.36293721906912
280,B0092,S007,2026-06-10,1,2,33.88,completed,0.7089619097499859,24.019629502329522,9.86037049767048
281,B0092,S022,2026-06-12,2,6,306.62,completed,0.7467955295919657,228.98244528348852,77.63755471651149
282,B0093,S002,2026-03-29,1,2,104.92,completed,0.6047253332563332,63.44778196525448,41.472218034745524
283,B0094,S006,2026-02-20,1,7,262.09,completed,0.5827247642383339,152.72633345922492,109.36366654077506
284,B0094,S008,2026-04-29,2,3,94.28,completed,0.6887364451562977,64.93407204933575,29.345927950664247
285,B0094,S025,2026-06-28,3,6,280.82,completed,0.5959909211782173,167.36617048526696,113.45382951473303
286,B0095,S010,2026-04-13,1,2,59.38,completed,0.5664762091231685,33.63735729773375,25.742642702266252
287,B0096,S015,2026-02-20,1,4,80.19,completed,0.5802115783561801,46.52716646838208,33.66283353161792
288,B0096,S019,2026-04-26,2,7,348.03,completed,0.6777051895328171,235.86173711310633,112.16826288689364
289,B0096,S014,2026-04-30,3,2,76.69,completed,0.7401727124500821,56.76384531779679,19.926154682203205
290,B0097,S011,2026-05-24,1,8,410.6,completed,0.6860998604149426,281.7126026863755,128.88739731362455
291,B0098,S028,2026-03-23,1,7,315.71,completed,0.680333365075177,214.78804668788413,100.92195331211585
292,B0098,S007,2026-03-29,2,2,95.78,completed,0.7089619097499859,67.90437171585364,27.87562828414636
293,B0098,S019,2026-04-07,3,8,279.78,completed,0.6777051895328171,189.60835792749154,90.17164207250843
294,B0098,S019,2026-05-11,4,7,374.0,completed,0.6777051895328171,253.4617408852736,120.5382591147264
295,B0098,S002,2026-05-28,5,5,111.4,completed,0.6047253332563332,67.36640212475551,44.033597875244496
296,B0098,S010,2026-06-03,6,7,135.07,completed,0.5664762091231685,76.51394156626637,58.556058433733625
297,B0099,S003,2026-05-07,1,3,107.18,completed,0.7494249000315423,80.3233607853807,26.856639214619307
298,B0099,S020,2026-05-13,2,2,107.93,completed,0.6295188795925589,67.94397267442488,39.98602732557512
299,B0099,S025,2026-05-22,3,2,65.34,completed,0.5959909211782173,38.94204678978472,26.397953210215285
300,B0099,S016,2026-06-08,4,2,87.6,completed,0.6364669602085204,55.75450571426639,31.845494285733608
301,B0099,S024,2026-06-09,5,4,84.45,completed,0.7288198407358268,61.54883555014058,22.901164449859422
302,B0099,S026,2026-06-16,6,7,233.27,completed,0.5926209408050167,138.24068686158625,95.02931313841376
303,B0099,S006,2026-06-29,7,5,178.78,completed,0.5827247642383339,104.17953335052933,74.60046664947068
304,B0100,S024,2026-03-17,1,2,55.29,completed,0.7288198407358268,40.296448994283864,14.993551005716135
305,B0100,S025,2026-04-02,2,2,113.86,completed,0.5959909211782173,67.85952628535182,46.00047371464818
306,B0100,S001,2026-04-18,3,1,35.03,completed,0.6391805412753497,22.3904943608755,12.6395056391245
307,B0100,S022,2026-05-24,4,7,190.47,completed,0.7467955295919657,142.2421445213817,48.227855478618295
308,B0100,S007,2026-06-01,5,4,119.74,completed,0.7089619097499859,84.89109907346331,34.848900926536686
309,B0100,S028,2026-06-10,6,2,67.09,cancelled,0.680333365075177,45.64356546289363,21.44643453710637
310,B0101,S021,2026-04-20,1,4,139.82,completed,0.604843040469734,84.56915391847821,55.250846081521786
311,B0101,S010,2026-06-02,2,6,320.03,completed,0.5664762091231685,181.28938120568762,138.74061879431235
312,B0102,S026,2026-03-05,1,3,96.12,completed,0.5926209408050167,56.96272483017821,39.157275169821794
313,B0102,S026,2026-03-17,2,2,95.23,completed,0.5926209408050167,56.435292192861745,38.79470780713826
314,B0102,S014,2026-04-10,3,9,318.55,completed,0.7401727124500821,235.78201755097365,82.76798244902636
315,B0102,S021,2026-04-24,4,4,205.11,completed,0.604843040469734,124.05935603074715,81.05064396925286
316,B0102,S021,2026-05-28,5,4,111.67,completed,0.604843040469734,67.5428223292552,44.1271776707448
317,B0102,S029,2026-06-04,6,6,84.71,completed,0.6237052687447523,52.83407331536797,31.875926684632027
318,B0102,S001,2026-06-05,7,6,308.85,completed,0.6391805412753497,197.4109101728918,111.43908982710823
319,B0102,S007,2026-06-14,8,6,92.83,completed,0.7089619097499859,65.81293408209119,27.01706591790881
320,B0102,S019,2026-06-30,9,4,181.35,completed,0.6777051895328171,122.90183612177638,58.44816387822361
321,B0103,S025,2026-03-31,1,4,170.89,completed,0.5959909211782173,101.84888852014554,69.04111147985445
322,B0103,S020,2026-05-26,2,5,188.04,completed,0.6295188795925589,118.37473011858478,69.66526988141521
323,B0104,S014,2026-01-13,1,6,301.84,completed,0.7401727124500821,223.41373152593275,78.42626847406723
324,B0104,S024,2026-02-23,2,6,365.34,completed,0.7288198407358268,266.26704061442695,99.07295938557303
325,B0104,S023,2026-05-08,3,1,50.1,completed,0.6318668012630086,31.656526743276736,18.443473256723266
326,B0104,S027,2026-05-11,4,5,125.6,completed,0.5562268165769023,69.86208816205892,55.73791183794107
327,B0104,S026,2026-05-15,5,3,145.68,completed,0.5926209408050167,86.33301865647483,59.34698134352517
328,B0105,S001,2026-05-16,1,2,70.31,completed,0.6391805412753497,44.94078385706984,25.369216142930163
329,B0106,S011,2026-06-19,1,2,38.56,completed,0.6860998604149426,26.45601061760019,12.103989382399813
330,B0107,S009,2026-01-29,1,4,142.19,cancelled,0.5941539225577521,84.48274624848678,57.70725375151322
331,B0108,S015,2026-03-07,1,3,135.09,completed,0.5802115783561801,78.38078212013637,56.70921787986363
332,B0108,S009,2026-04-23,2,1,35.18,completed,0.5941539225577521,20.902334995581718,14.277665004418282
333,B0108,S023,2026-05-08,3,3,83.69,completed,0.6318668012630086,52.88093259770119,30.80906740229881
334,B0108,S007,2026-05-14,4,2,82.42,completed,0.7089619097499859,58.43264060159383,23.98735939840617
335,B0108,S016,2026-05-18,5,2,64.55,completed,0.6364669602085204,41.08394228145999,23.466057718540007
336,B0109,S006,2026-03-18,1,1,40.86,completed,0.5827247642383339,23.810133866778322,17.049866133221677
337,B0109,S024,2026-04-16,2,5,278.84,completed,0.7288198407358268,203.22412439077794,75.61587560922203
338,B0110,S016,2026-03-12,1,3,92.6,completed,0.6364669602085204,58.93684051530899,33.66315948469101
339,B0110,S014,2026-03-20,2,6,240.54,completed,0.7401727124500821,178.04114425274275,62.49885574725724
340,B0110,S009,2026-04-04,3,4,164.93,completed,0.5941539225577521,97.99380644745005,66.93619355254995
341,B0110,S012,2026-04-08,4,5,84.81,completed,0.680902242856227,57.74731921663662,27.062680783363383
342,B0111,S005,2026-02-07,1,5,242.65,completed,0.6402774048659351,155.36331229071916,87.28668770928084
343,B0112,S016,2026-02-12,1,8,251.63,completed,0.6364669602085204,160.15418119727,91.47581880273
344,B0112,S015,2026-04-19,2,5,240.44,completed,0.5802115783561801,139.50607189995995,100.93392810004005
345,B0112,S026,2026-05-15,3,4,114.2,completed,0.5926209408050167,67.67731143993291,46.522688560067095
346,B0112,S020,2026-05-24,4,3,92.07,completed,0.6295188795925589,57.9598032440869,34.110196755913094
347,B0112,S025,2026-06-12,5,7,145.07,completed,0.5959909211782173,86.46040293532398,58.60959706467601
348,B0113,S019,2026-05-12,1,3,115.05,completed,0.6777051895328171,77.9699820557506,37.08001794424939
349,B0113,S010,2026-05-14,2,2,66.38,completed,0.5664762091231685,37.60269076159592,28.777309238404072
350,B0113,S023,2026-06-01,3,4,91.45,completed,0.6318668012630086,57.78421897550214,33.66578102449786
351,B0113,S014,2026-06-11,4,4,256.37,completed,0.7401727124500821,189.75807829082754,66.61192170917246
352,B0113,S006,2026-06-21,5,5,240.86,completed,0.5827247642383339,140.3550867144451,100.50491328555492
353,B0114,S024,2026-02-22,1,3,111.03,completed,0.7288198407358268,80.92086691689886,30.109133083101142
354,B0114,S003,2026-02-24,2,5,235.66,completed,0.7494249000315423,176.60947194143324,59.050528058566755
355,B0114,S006,2026-02-28,3,1,34.47,completed,0.5827247642383339,20.086522623295366,14.383477376704633
356,B0115,S001,2026-03-31,1,5,166.92,completed,0.6391805412753497,106.69201594968138,60.22798405031861
357,B0115,S009,2026-04-03,2,7,99.0,completed,0.5941539225577521,58.82123833321746,40.17876166678254
358,B0115,S005,2026-05-28,3,2,80.29,completed,0.6402774048659351,51.40787283668593,28.882127163314074
359,B0116,S003,2026-02-06,1,3,152.83,cancelled,0.7494249000315423,114.53460747182062,38.29539252817939
360,B0116,S012,2026-03-21,2,3,86.84,completed,0.680902242856227,59.129550769634754,27.71044923036525
361,B0117,S010,2026-03-19,1,3,118.65,completed,0.5664762091231685,67.21240221246396,51.43759778753605
362,B0117,S024,2026-04-09,2,8,157.97,completed,0.7288198407358268,115.13167024103856,42.838329758961436
363,B0117,S021,2026-06-14,3,3,138.82,cancelled,0.604843040469734,83.96431087800848,54.85568912199152
364,B0118,S007,2026-06-11,1,4,223.38,completed,0.7089619097499859,158.36791139995185,65.01208860004814
365,B0119,S026,2026-04-09,1,4,80.59,completed,0.5926209408050167,47.759321619476296,32.83067838052371
366,B0119,S026,2026-06-09,2,3,163.98,completed,0.5926209408050167,97.17798187320663,66.80201812679336
367,B0119,S010,2026-06-19,3,3,92.66,completed,0.5664762091231685,52.4896855373528,40.1703144626472
368,B0120,S028,2026-05-20,1,3,124.11,completed,0.680333365075177,84.43617393948023,39.67382606051977
369,B0120,S022,2026-05-23,2,1,49.17,completed,0.7467955295919657,36.719936190036954,12.450063809963048
370,B0120,S011,2026-06-22,3,7,383.72,completed,0.6860998604149426,263.2702384384218,120.44976156157821
371,B0121,S000,2026-05-20,1,5,210.2,completed,0.6866590753213011,144.33573763253747,65.86426236746252
372,B0122,S025,2026-02-23,1,3,166.46,completed,0.5959909211782173,99.20864873932605,67.25135126067396
373,B0122,S018,2026-02-26,2,4,83.49,cancelled,0.6339454633852245,52.92810673803239,30.561893261967604
374,B0122,S004,2026-04-04,3,4,74.86,completed,0.6352362604471946,47.55378645707699,27.30621354292301
375,B0123,S014,2026-05-08,1,2,93.33,completed,0.7401727124500821,69.08031925296616,24.249680747033835
376,B0124,S009,2026-05-05,1,4,127.67,completed,0.5941539225577521,75.85563129294822,51.814368707051784
377,B0125,S016,2026-02-14,1,5,160.99,completed,0.6364669602085204,102.46481592396971,58.5251840760303
378,B0126,S005,2026-05-12,1,4,176.23,completed,0.6402774048659351,112.83608705952373,63.393912940476255
379,B0127,S007,2026-05-13,1,2,36.24,cancelled,0.7089619097499859,25.69277960933949,10.547220390660513
380,B0128,S014,2026-02-28,1,5,107.21,completed,0.7401727124500821,79.3539165017733,27.856083498226695
381,B0128,S027,2026-03-12,2,4,151.82,completed,0.5562268165769023,84.4463552927053,67.37364470729469
382,B0129,S020,2026-03-05,1,5,257.83,completed,0.6295188795925589,162.30885272534945,95.52114727465053
383,B0129,S007,2026-03-06,2,3,53.44,completed,0.7089619097499859,37.88692445703924,15.553075542960755
384,B0130,S022,2026-05-03,1,3,70.03,completed,0.7467955295919657,52.29809093732536,17.73190906267464
385,B0130,S023,2026-05-13,2,2,92.82,cancelled,0.6318668012630086,58.64987649323246,34.17012350676753
386,B0131,S024,2026-05-22,1,2,110.94,completed,0.7288198407358268,80.85527313123262,30.084726868767376
387,B0132,S020,2026-05-21,1,4,122.79,completed,0.6295188795925589,77.29862322517032,45.49137677482969
388,B0133,S013,2026-03-05,1,2,61.98,completed,0.6046519053996419,37.476325096669804,24.503674903330193
389,B0134,S006,2026-03-25,1,2,66.69,completed,0.5827247642383339,38.86191452705448,27.828085472945517
390,B0134,S020,2026-04-12,2,6,303.83,completed,0.6295188795925589,191.26672118660716,112.56327881339283
391,B0134,S026,2026-04-25,3,4,161.78,completed,0.5926209408050167,95.8742158034356,65.9057841965644
392,B0134,S004,2026-04-30,4,6,191.51,completed,0.6352362604471946,121.65409623824223,69.85590376175776
393,B0134,S016,2026-05-05,5,5,278.71,completed,0.6364669602085204,177.38970647971672,101.32029352028326
394,B0134,S024,2026-05-05,6,5,210.91,completed,0.7288198407358268,153.71539260959324,57.19460739040676
395,B0134,S013,2026-05-07,7,5,249.88,completed,0.6046519053996419,151.0904181212625,98.7895818787375
396,B0134,S019,2026-05-28,8,5,193.97,completed,0.6777051895328171,131.45447561368053,62.51552438631947
397,B0135,S008,2026-01-26,1,2,34.83,completed,0.6887364451562977,23.98869038479385,10.84130961520615
398,B0135,S006,2026-02-23,2,2,70.83,completed,0.5827247642383339,41.274395051001186,29.555604948998813
399,B0136,S022,2026-03-05,1,2,120.48,completed,0.7467955295919657,89.97392540524004,30.506074594759966
400,B0137,S008,2026-05-16,1,5,262.52,completed,0.6887364451562977,180.80709158243127,81.71290841756871
401,B0137,S012,2026-06-01,2,1,25.89,completed,0.680902242856227,17.62855906754772,8.261440932452281
402,B0137,S002,2026-06-16,3,7,247.53,completed,0.6047253332563332,149.68766174094014,97.84233825905986
403,B0138,S014,2026-05-27,1,3,79.38,completed,0.7401727124500821,58.754909914287516,20.62509008571248
404,B0138,S017,2026-06-02,2,5,169.69,completed,0.7387231840335198,125.35393709864798,44.33606290135202
405,B0138,S019,2026-06-08,3,2,74.07,completed,0.6777051895328171,50.19762338869576,23.872376611304233
406,B0138,S026,2026-06-13,4,4,131.75,completed,0.5926209408050167,78.07780895106094,53.672191048939055
407,B0138,S017,2026-06-16,5,6,181.23,completed,0.7387231840335198,133.8788026423948,47.3511973576052
408,B0138,S011,2026-06-25,6,8,481.63,completed,0.6860998604149426,330.4462757716488,151.1837242283512
409,B0139,S006,2026-05-26,1,2,39.94,completed,0.5827247642383339,23.27402708367905,16.665972916320946
410,B0139,S024,2026-05-30,2,4,60.12,completed,0.7288198407358268,43.81664882503791,16.30335117496209
411,B0139,S029,2026-06-07,3,5,237.46,completed,0.6237052687447523,148.1050531161289,89.35494688387112
412,B0139,S016,2026-06-09,4,3,152.28,completed,0.6364669602085204,96.9211887005535,55.3588112994465
413,B0141,S000,2026-04-25,1,2,102.69,completed,0.6866590753213011,70.51302044474441,32.176979555255585
414,B0142,S020,2026-05-13,1,3,170.06,completed,0.6295188795925589,107.05598066351057,63.004019336489435
415,B0142,S001,2026-05-25,2,3,98.76,completed,0.6391805412753497,63.125470256353545,35.63452974364646
416,B0142,S026,2026-06-08,3,4,140.92,completed,0.5926209408050167,83.51214297824295,57.40785702175704
417,B0142,S011,2026-06-29,4,7,146.73,cancelled,0.6860998604149426,100.67143251868453,46.058567481315464
418,B0142,S010,2026-06-29,5,2,77.01,completed,0.5664762091231685,43.62433286457521,33.3856671354248
419,B0143,S001,2026-02-04,1,8,393.93,completed,0.6391805412753497,251.79239062459854,142.13760937540147
420,B0143,S019,2026-02-19,2,4,75.1,completed,0.6777051895328171,50.89565973391456,24.20434026608543
421,B0143,S023,2026-04-02,3,7,141.54,completed,0.6318668012630086,89.43442705076625,52.105572949233746
422,B0143,S004,2026-04-22,4,3,124.29,completed,0.6352362604471946,78.95351481098182,45.33648518901819
423,B0143,S005,2026-06-28,5,6,184.96,completed,0.6402774048659351,118.42570880400336,66.53429119599664
424,B0144,S006,2026-06-21,1,5,216.11,completed,0.5827247642383339,125.93264879954634,90.17735120045367
425,B0145,S012,2026-02-27,1,1,27.97,completed,0.680902242856227,19.044835732688668,8.925164267311331
426,B0145,S018,2026-03-26,2,9,350.94,completed,0.6339454633852245,222.4768209204107,128.4631790795893
427,B0145,S011,2026-04-26,3,5,103.49,completed,0.6860998604149426,71.00447455434241,32.485525445657586
428,B0146,S027,2026-04-06,1,4,60.36,completed,0.5562268165769023,33.573850648581825,26.786149351418175
429,B0146,S006,2026-04-09,2,5,303.68,completed,0.5827247642383339,176.96185640389723,126.71814359610278
430,B0147,S022,2026-05-24,1,2,32.4,completed,0.7467955295919657,24.19617515877969,8.20382484122031
431,B0147,S002,2026-06-02,2,7,126.24,completed,0.6047253332563332,76.3405260702795,49.8994739297205
432,B0148,S010,2026-05-09,1,4,81.55,completed,0.5664762091231685,46.196134853994394,35.3538651460056
433,B0149,S025,2026-06-03,1,3,80.36,completed,0.5959909211782173,47.89383042588154,32.46616957411846
434,B0149,S008,2026-06-11,2,2,105.63,completed,0.6887364451562977,72.75123070185973,32.87876929814027
435,B0150,S017,2026-03-11,1,3,125.59,completed,0.7387231840335198,92.77624468276976,32.813755317230246
436,B0150,S016,2026-03-27,2,4,76.5,completed,0.6364669602085204,48.68972245595182,27.810277544048184
437,B0150,S013,2026-05-24,3,4,207.59,completed,0.6046519053996419,125.51968904191166,82.07031095808834
438,B0151,S012,2026-04-04,1,5,159.48,completed,0.680902242856227,108.59028969071107,50.889710309288915
439,B0152,S016,2026-06-25,1,2,100.84,completed,0.6364669602085204,64.1813282674272,36.6586717325728
440,B0152,S020,2026-06-29,2,3,191.04,completed,0.6295188795925589,120.26328675736245,70.77671324263754
441,B0153,S004,2026-02-18,1,3,163.87,completed,0.6352362604471946,104.09616599948178,59.77383400051822
442,B0153,S005,2026-03-01,2,5,132.31,completed,0.6402774048659351,84.71510343781188,47.594896562188126
443,B0153,S004,2026-03-05,3,4,97.39,completed,0.6352362604471946,61.86565940495228,35.52434059504772
444,B0153,S025,2026-04-02,4,3,53.94,completed,0.5959909211782173,32.14775028835304,21.79224971164696
445,B0153,S019,2026-04-20,5,6,115.75,completed,0.6777051895328171,78.44437568842358,37.30562431157642
446,B0153,S023,2026-05-21,6,4,163.82,completed,0.6318668012630086,103.51241938290607,60.30758061709392
447,B0153,S017,2026-06-01,7,6,103.07,completed,0.7387231840335198,76.14019857833487,26.92980142166512
448,B0153,S002,2026-06-11,8,3,72.51,completed,0.6047253332563332,43.84863391441672,28.661366085583282
449,B0153,S004,2026-06-27,9,5,272.3,completed,0.6352362604471946,172.9748337197711,99.3251662802289
450,B0154,S022,2026-02-05,1,3,125.85,completed,0.7467955295919657,93.98421739914887,31.86578260085112
451,B0154,S016,2026-02-12,2,1,26.11,completed,0.6364669602085204,16.61815233104447,9.49184766895553
452,B0154,S001,2026-04-17,3,1,45.48,completed,0.6391805412753497,29.069931017202904,16.410068982797092
453,B0154,S008,2026-05-06,4,4,111.56,completed,0.6887364451562977,76.83543782163657,34.72456217836343
454,B0154,S014,2026-05-06,5,3,78.82,completed,0.7401727124500821,58.34041319531546,20.47958680468453
455,B0155,S023,2026-05-11,1,2,85.89,completed,0.6318668012630086,54.271039560479814,31.618960439520187
456,B0155,S007,2026-05-24,2,4,106.2,cancelled,0.7089619097499859,75.2917548154485,30.908245184551504
457,B0155,S006,2026-05-30,3,4,211.57,cancelled,0.5827247642383339,123.2870783699043,88.2829216300957
458,B0155,S008,2026-06-17,4,2,95.03,cancelled,0.6887364451562977,65.45062438320298,29.579375616797023
459,B0156,S019,2026-05-20,1,5,153.42,completed,0.6777051895328171,103.97353017812479,49.4464698218752
460,B0157,S018,2026-04-25,1,3,76.27,completed,0.6339454633852245,48.35102049239107,27.918979507608924
461,B0159,S013,2026-05-21,1,6,358.52,completed,0.6046519053996419,216.7798011238796,141.7401988761204
462,B0159,S005,2026-05-26,2,7,140.65,completed,0.6402774048659351,90.05501699439378,50.594983005606224
463,B0160,S015,2026-03-24,1,2,106.98,completed,0.5802115783561801,62.07103465254415,44.908965347455855
464,B0161,S013,2026-06-28,1,3,53.08,completed,0.6046519053996419,32.09492313861299,20.985076861387007
465,B0162,S017,2026-01-17,1,4,78.4,completed,0.7387231840335198,57.91589762822795,20.484102371772053
466,B0162,S016,2026-01-25,2,3,111.1,completed,0.6364669602085204,70.71147927916662,40.38852072083337
467,B0162,S000,2026-01-30,3,9,402.26,completed,0.6866590753213011,276.21547963874656,126.04452036125343
468,B0162,S018,2026-02-27,4,3,98.45,completed,0.6339454633852245,62.411930870275356,36.03806912972465
469,B0162,S011,2026-02-27,5,3,107.66,completed,0.6860998604149426,73.86551097227272,33.79448902772728
470,B0162,S009,2026-04-09,6,4,216.15,completed,0.5941539225577521,128.42637036085813,87.72362963914188
471,B0162,S000,2026-04-11,7,5,129.4,completed,0.6866590753213011,88.85368434657637,40.54631565342363
472,B0162,S028,2026-04-16,8,5,292.64,completed,0.680333365075177,199.0927559555998,93.54724404440017
473,B0163,S016,2026-04-17,1,1,24.46,completed,0.6364669602085204,15.56798184670041,8.89201815329959
474,B0163,S018,2026-04-25,2,8,254.01,completed,0.6339454633852245,161.02848715448087,92.98151284551912
475,B0163,S028,2026-05-10,3,3,97.93,completed,0.680333365075177,66.62504644181209,31.30495355818792
476,B0163,S023,2026-05-26,4,3,96.47,cancelled,0.6318668012630086,60.95619031784244,35.51380968215756
477,B0163,S022,2026-06-26,5,5,160.24,completed,0.7467955295919657,119.66651566181659,40.57348433818342
478,B0164,S002,2026-04-30,1,5,259.89,completed,0.6047253332563332,157.1620668599884,102.72793314001157
479,B0164,S019,2026-05-04,2,2,84.5,completed,0.6777051895328171,57.266088515523045,27.233911484476955
480,B0164,S027,2026-05-20,3,3,89.64,completed,0.5562268165769023,49.86017183795352,39.77982816204648
481,B0164,S017,2026-06-07,4,2,110.69,completed,0.7387231840335198,81.7692692406703,28.9207307593297
482,B0164,S018,2026-06-29,5,3,120.14,completed,0.6339454633852245,76.16220797110087,43.97779202889913
483,B0165,S020,2026-03-19,1,4,123.2,cancelled,0.6295188795925589,77.55672596580327,45.643274034196736
484,B0165,S021,2026-03-22,2,4,124.26,completed,0.604843040469734,75.15779620876916,49.10220379123085
485,B0166,S015,2026-05-08,1,1,49.73,completed,0.5802115783561801,28.853921791652834,20.876078208347163
486,B0167,S012,2026-02-10,1,5,159.03,completed,0.680902242856227,108.28388368142578,50.746116318574224
487,B0167,S017,2026-03-13,2,6,336.54,completed,0.7387231840335198,248.60990035464076,87.93009964535926
488,B0168,S008,2026-04-26,1,2,38.49,completed,0.6887364451562977,26.5094657740659,11.9805342259341
489,B0168,S020,2026-06-03,2,4,72.31,cancelled,0.6295188795925589,45.52051018333794,26.789489816662062
490,B0168,S009,2026-06-13,3,5,203.88,completed,0.5941539225577521,121.1361017310745,82.74389826892549
491,B0169,S027,2026-04-24,1,1,36.63,completed,0.5562268165769023,20.374588291211932,16.25541170878807
492,B0169,S029,2026-05-03,2,5,245.37,completed,0.6237052687447523,153.03856179189987,92.33143820810014
493,B0169,S011,2026-05-15,3,4,100.99,completed,0.6860998604149426,69.28922490330505,31.70077509669494
494,B0169,S017,2026-05-26,4,6,145.41,completed,0.7387231840335198,107.41773819031411,37.992261809685886
495,B0170,S026,2026-06-23,1,5,238.64,completed,0.5926209408050167,141.42306131370918,97.2169386862908
496,B0171,S022,2026-04-23,1,2,86.44,cancelled,0.7467955295919657,64.55300557792951,21.886994422070487
497,B0171,S008,2026-05-21,2,3,107.6,completed,0.6887364451562977,74.10804149881763,33.49195850118237
498,B0172,S012,2026-02-12,1,3,132.59,completed,0.680902242856227,90.28082838030714,42.30917161969286
499,B0173,S009,2026-04-09,1,7,372.73,completed,0.5941539225577521,221.45899155495096,151.27100844504906
500,B0173,S022,2026-05-12,2,6,139.02,completed,0.7467955295919657,103.81951452387509,35.200485476124925
501,B0174,S000,2026-01-28,1,6,256.43,completed,0.6866590753213011,176.07998668464126,80.35001331535875
502,B0175,S007,2026-06-16,1,3,106.14,completed,0.7089619097499859,75.2492171008635,30.890782899136497
503,B0175,S027,2026-06-22,2,2,94.42,completed,0.5562268165769023,52.51893602119112,41.901063978808885
504,B0176,S015,2026-04-24,1,5,77.14,completed,0.5802115783561801,44.75752115439573,32.38247884560427
505,B0177,S021,2026-03-22,1,4,128.75,completed,0.604843040469734,77.87354146047825,50.87645853952175
506,B0177,S012,2026-05-30,2,5,176.53,completed,0.680902242856227,120.19967293140975,56.33032706859025
507,B0178,S026,2026-05-16,1,1,53.32,completed,0.5926209408050167,31.59854856372349,21.72145143627651
508,B0179,S024,2026-02-02,1,5,222.09,completed,0.7288198407358268,161.8635984290198,60.226401570980215
509,B0179,S017,2026-03-22,2,6,221.84,completed,0.7387231840335198,163.87835114599602,57.96164885400398
510,B0179,S017,2026-03-30,3,2,84.33,completed,0.7387231840335198,62.29652610954672,22.03347389045328
511,B0179,S016,2026-03-30,4,4,194.94,completed,0.6364669602085204,124.07286922304897,70.86713077695103
512,B0180,S009,2026-05-12,1,5,117.81,completed,0.5941539225577521,69.99727361652877,47.81272638347123
513,B0181,S002,2026-02-28,1,2,65.4,completed,0.6047253332563332,39.549036794964195,25.85096320503581
514,B0181,S005,2026-02-28,2,2,101.21,completed,0.6402774048659351,64.80247614648128,36.40752385351871
515,B0181,S015,2026-04-14,3,6,280.15,completed,0.5802115783561801,162.54627367648385,117.60372632351613
516,B0181,S005,2026-04-15,4,4,115.02,completed,0.6402774048659351,73.64470710767985,41.37529289232015
517,B0181,S018,2026-06-25,5,4,211.96,completed,0.6339454633852245,134.3710804191322,77.58891958086781
518,B0182,S014,2026-02-15,1,2,80.35,completed,0.7401727124500821,59.47287744536409,20.877122554635903
519,B0182,S022,2026-03-12,2,3,182.76,cancelled,0.7467955295919657,136.48435098822765,46.275649011772344
520,B0182,S009,2026-03-15,3,3,115.21,completed,0.5941539225577521,68.45247341787862,46.75752658212137
521,B0182,S015,2026-04-09,4,3,157.59,completed,0.5802115783561801,91.43554263315042,66.15445736684958
522,B0182,S003,2026-04-11,5,3,140.8,cancelled,0.7494249000315423,105.51902592444117,35.280974075558845
523,B0182,S004,2026-04-14,6,6,356.32,completed,0.6352362604471946,226.34738432254437,129.97261567745562
524,B0182,S014,2026-05-16,7,7,354.33,completed,0.7401727124500821,262.26539720243755,92.06460279756243
525,B0182,S008,2026-05-26,8,9,440.46,completed,0.6887364451562977,303.3608546335429,137.0991453664571
526,B0183,S022,2026-01-10,1,4,101.54,completed,0.7467955295919657,75.8296180747682,25.7103819252318
527,B0183,S008,2026-02-07,2,3,122.89,completed,0.6887364451562977,84.63882174525743,38.25117825474257
528,B0183,S017,2026-03-25,3,8,309.66,completed,0.7387231840335198,228.75302116781975,80.90697883218027
529,B0183,S018,2026-04-07,4,3,150.73,completed,0.6339454633852245,95.55459969605488,55.17540030394511
530,B0183,S024,2026-04-25,5,7,223.24,completed,0.7288198407358268,162.701741245866,60.538258754134006
531,B0184,S001,2026-04-14,1,6,162.21,completed,0.6391805412753497,103.68147560027448,58.52852439972553
532,B0184,S003,2026-04-21,2,5,125.65,completed,0.7494249000315423,94.16523868896329,31.48476131103672
533,B0184,S028,2026-04-25,3,4,141.7,completed,0.680333365075177,96.40323783115258,45.29676216884741
534,B0184,S025,2026-05-26,4,7,296.68,completed,0.5959909211782173,176.8185864951535,119.8614135048465
535,B0185,S026,2026-02-19,1,4,192.04,completed,0.5926209408050167,113.8069254721954,78.23307452780459
536,B0185,S016,2026-02-27,2,4,107.05,completed,0.6364669602085204,68.13378809032211,38.916211909677884
537,B0185,S026,2026-04-14,3,5,274.49,completed,0.5926209408050167,162.66852204156905,111.82147795843096
538,B0185,S016,2026-04-14,4,3,135.79,completed,0.6364669602085204,86.42584852671499,49.364151473285006
539,B0185,S003,2026-05-03,5,7,134.18,completed,0.7494249000315423,100.55783308623235,33.62216691376766
540,B0185,S024,2026-05-24,6,1,24.27,cancelled,0.7288198407358268,17.688457534658518,6.581542465341482
541,B0185,S023,2026-06-13,7,6,169.89,completed,0.6318668012630086,107.34785086657253,62.54214913342746
542,B0185,S015,2026-06-29,8,7,367.24,completed,0.5802115783561801,213.07690003552358,154.16309996447643
543,B0186,S015,2026-04-05,1,1,39.13,completed,0.5802115783561801,22.703679061077327,16.426320938922675
544,B0187,S021,2026-06-20,1,2,45.88,cancelled,0.604843040469734,27.750198696751397,18.129801303248605
545,B0188,S028,2026-05-14,1,4,161.21,completed,0.680333365075177,109.6765417837693,51.53345821623071
546,B0189,S004,2026-03-26,1,2,68.96,completed,0.6352362604471946,43.80589252043853,25.15410747956146
547,B0191,S028,2026-05-06,1,6,197.79,completed,0.680333365075177,134.56313627821928,63.22686372178072
548,B0191,S006,2026-05-29,2,7,323.49,completed,0.5827247642383339,188.50563398345864,134.98436601654137
549,B0191,S027,2026-06-15,3,3,165.89,completed,0.5562268165769023,92.27246660194231,73.61753339805767
550,B0192,S005,2026-03-30,1,10,207.3,completed,0.6402774048659351,132.72950602870836,74.57049397129165
551,B0193,S012,2026-04-25,1,5,185.55,completed,0.680902242856227,126.34141116197293,59.20858883802708
552,B0193,S010,2026-05-16,2,9,253.95,completed,0.5664762091231685,143.85663330682866,110.09336669317133
553,B0193,S003,2026-05-28,3,5,169.76,completed,0.7494249000315423,127.2223710293546,42.537628970645386
554,B0193,S002,2026-06-06,4,4,117.05,completed,0.6047253332563332,70.7831002576538,46.2668997423462
555,B0193,S022,2026-06-11,5,7,271.61,cancelled,0.7467955295919657,202.83713379247382,68.77286620752619
556,B0193,S003,2026-06-21,6,2,79.66,completed,0.7494249000315423,59.69918753651265,19.960812463487343
557,B0194,S013,2026-05-25,1,2,51.84,completed,0.6046519053996419,31.345154775917436,20.494845224082567
558,B0195,S004,2026-04-24,1,1,49.13,completed,0.6352362604471946,31.209157475770674,17.92084252422933
559,B0195,S020,2026-05-01,2,3,95.65,completed,0.6295188795925589,60.213480833028264,35.43651916697174
560,B0195,S014,2026-05-07,3,2,75.08,completed,0.7401727124500821,55.57216725075216,19.50783274924784
561,B0195,S000,2026-05-08,4,5,228.63,cancelled,0.6866590753213011,156.99086439070908,71.63913560929092
562,B0195,S023,2026-05-11,5,6,296.83,completed,0.6318668012630086,187.55702261889886,109.27297738110113
563,B0195,S020,2026-05-21,6,4,59.24,completed,0.6295188795925589,37.29269842706319,21.94730157293681
564,B0195,S011,2026-05-24,7,5,233.66,completed,0.6860998604149426,160.3140933845555,73.3459066154445
565,B0196,S016,2026-05-08,1,6,172.7,completed,0.6364669602085204,109.91784402801147,62.782155971988516
566,B0197,S017,2026-06-20,1,3,100.55,completed,0.7387231840335198,74.27861615457041,26.271383845429582
567,B0197,S014,2026-06-29,2,4,141.77,completed,0.7401727124500821,104.93428544404814,36.83571455595187
568,B0198,S028,2026-04-30,1,5,273.44,completed,0.680333365075177,186.03035534615643,87.40964465384357
569,B0198,S015,2026-05-20,2,3,154.69,completed,0.5802115783561801,89.75292905591749,64.9370709440825
570,B0198,S020,2026-05-29,3,4,109.75,completed,0.6295188795925589,69.08969703528334,40.660302964716664
571,B0199,S008,2026-03-11,1,3,91.17,completed,0.6887364451562977,62.792101704899665,28.377898295100337
572,B0199,S020,2026-03-21,2,2,57.21,completed,0.6295188795925589,36.014775101490294,21.195224898509707
573,B0200,S022,2026-04-11,1,4,137.64,completed,0.7467955295919657,102.78893669303815,34.851063306961834
574,B0200,S022,2026-05-01,2,6,87.67,cancelled,0.7467955295919657,65.47156407932763,22.198435920672367
575,B0200,S010,2026-05-20,3,7,239.07,completed,0.5664762091231685,135.4274673150759,103.6425326849241
576,B0200,S005,2026-05-30,4,6,308.63,completed,0.6402774048659351,197.60881546377354,111.02118453622646
577,B0200,S012,2026-06-18,5,7,378.88,completed,0.680902242856227,257.9802417733673,120.89975822663268
578,B0201,S025,2026-04-09,1,2,34.17,completed,0.5959909211782173,20.365009776659686,13.804990223340315
579,B0201,S027,2026-06-30,2,7,243.24,completed,0.5562268165769023,135.29661086416573,107.94338913583428
580,B0201,S006,2026-06-30,3,3,46.81,completed,0.5827247642383339,27.27734621399641,19.532653786003593
581,B0202,S024,2026-03-06,1,7,352.96,completed,0.7288198407358268,257.24425098611744,95.71574901388254
582,B0202,S018,2026-03-15,2,7,244.02,completed,0.6339454633852245,154.6953719752625,89.3246280247375
583,B0203,S022,2026-05-28,1,3,135.05,completed,0.7467955295919657,100.85473627139498,34.19526372860503
584,B0203,S024,2026-06-09,2,2,49.19,cancelled,0.7288198407358268,35.85064796579532,13.33935203420468
585,B0203,S009,2026-06-12,3,5,243.7,completed,0.5941539225577521,144.79531092732418,98.90468907267581
586,B0203,S010,2026-06-14,4,4,100.84,completed,0.5664762091231685,57.12346092798032,43.716539072019685
587,B0204,S005,2026-05-28,1,3,112.18,completed,0.6402774048659351,71.8263192778606,40.3536807221394
588,B0204,S028,2026-06-13,2,7,108.88,completed,0.680333365075177,74.07469678938527,34.805303210614724
589,B0204,S015,2026-06-30,3,1,41.15,completed,0.5802115783561801,23.87570644935681,17.27429355064319
590,B0205,S005,2026-06-01,1,1,52.37,completed,0.6402774048659351,33.53132769282902,18.83867230717098
591,B0206,S003,2026-02-23,1,4,224.28,completed,0.7494249000315423,168.08101657907432,56.198983420925686
592,B0206,S008,2026-04-28,2,5,167.94,completed,0.6887364451562977,115.66639859954864,52.273601400451355
593,B0206,S013,2026-04-29,3,1,45.53,completed,0.6046519053996419,27.529801252845694,18.000198747154307
594,B0206,S028,2026-05-20,4,4,227.73,completed,0.680333365075177,154.93231722857007,72.79768277142992
595,B0208,S003,2026-04-30,1,4,57.3,completed,0.7494249000315423,42.94204677180737,14.357953228192628
596,B0208,S013,2026-05-14,2,4,61.95,completed,0.6046519053996419,37.45818553950782,24.491814460492186
597,B0209,S022,2026-02-04,1,3,110.5,completed,0.7467955295919657,82.52090601991222,27.979093980087782
598,B0210,S029,2026-02-10,1,3,160.69,completed,0.6237052687447523,100.22319963459424,60.46680036540576
599,B0210,S013,2026-05-19,2,7,328.52,completed,0.6046519053996419,198.64024396189032,129.87975603810966
600,B0210,S004,2026-05-31,3,2,47.71,completed,0.6352362604471946,30.307121985935655,17.402878014064346
601,B0210,S014,2026-06-07,4,2,82.7,completed,0.7401727124500821,61.21228331962179,21.487716680378213
602,B0210,S022,2026-06-11,5,5,155.96,completed,0.7467955295919657,116.47023079516298,39.48976920483703
603,B0211,S009,2026-05-24,1,1,45.19,cancelled,0.5941539225577521,26.849815760384818,18.34018423961518
604,B0211,S017,2026-06-30,2,6,367.15,completed,0.7387231840335198,271.22221701790676,95.92778298209322
605,B0212,S016,2026-02-27,1,4,152.04,completed,0.6364669602085204,96.76843663010344,55.271563369896555
606,B0213,S018,2026-02-18,1,3,163.05,completed,0.6339454633852245,103.36480780496086,59.68519219503915
607,B0213,S029,2026-02-19,2,6,261.96,completed,0.6237052687447523,163.3858322003753,98.57416779962469
608,B0213,S012,2026-03-18,3,4,139.49,completed,0.680902242856227,94.97905385601511,44.510946143984896
609,B0214,S028,2026-04-09,1,7,210.19,completed,0.680333365075177,142.99927000515146,67.19072999484854
610,B0214,S000,2026-05-20,2,5,145.34,completed,0.6866590753213011,99.7990300071979,45.540969992802104
611,B0214,S009,2026-06-23,3,4,223.01,completed,0.5941539225577521,132.5022662696043,90.5077337303957
612,B0215,S004,2026-01-30,1,4,69.2,completed,0.6352362604471946,43.95834922294587,25.241650777054133
613,B0215,S011,2026-03-13,2,11,603.08,completed,0.6860998604149426,413.7731038190436,189.30689618095641
614,B0216,S010,2026-02-03,1,3,110.77,cancelled,0.5664762091231685,62.748569684573376,48.02143031542662
615,B0216,S013,2026-02-14,2,5,132.89,completed,0.6046519053996419,80.3521917085584,52.53780829144159
616,B0216,S027,2026-02-27,3,6,96.56,completed,0.5562268165769023,53.70926140866569,42.85073859133431
617,B0216,S025,2026-03-12,4,4,246.27,completed,0.5959909211782173,146.77468415855958,99.49531584144043
618,B0216,S003,2026-04-01,5,7,259.67,completed,0.7494249000315423,194.60316379119058,65.06683620880943
619,B0216,S003,2026-04-20,6,5,242.97,completed,0.7494249000315423,182.08776796066383,60.882232039336174
620,B0216,S004,2026-05-07,7,3,132.75,completed,0.6352362604471946,84.32761357436509,48.42238642563491
621,B0216,S002,2026-05-11,8,5,208.92,completed,0.6047253332563332,126.33921662391312,82.58078337608687
622,B0216,S021,2026-05-28,9,6,112.66,completed,0.604843040469734,68.14161693932023,44.51838306067977
623,B0216,S022,2026-06-02,10,5,97.55,completed,0.7467955295919657,72.84990391169626,24.700096088303738
624,B0217,S014,2026-02-06,1,4,176.8,completed,0.7401727124500821,130.86253556117452,45.93746443882549
625,B0217,S017,2026-02-15,2,5,141.47,completed,0.7387231840335198,104.50716884522204,36.96283115477796
626,B0217,S005,2026-03-24,3,12,484.37,completed,0.6402774048659351,310.131166594913,174.238833405087
627,B0217,S004,2026-04-02,4,4,159.44,completed,0.6352362604471946,101.2820693657007,58.15793063429929
628,B0217,S004,2026-04-09,5,6,191.68,completed,0.6352362604471946,121.76208640251826,69.91791359748174
629,B0217,S009,2026-04-14,6,4,184.7,completed,0.5941539225577521,109.74022949641682,74.95977050358317
630,B0217,S021,2026-05-21,7,4,252.14,completed,0.604843040469734,152.50512422403872,99.63487577596126
631,B0217,S005,2026-05-25,8,8,380.87,completed,0.6402774048659351,243.86245519128872,137.0075448087113
632,B0217,S013,2026-06-09,9,7,317.76,completed,0.6046519053996419,192.1341894597902,125.62581054020978
633,B0218,S009,2026-04-26,1,2,54.24,completed,0.5941539225577521,32.22690875953248,22.013091240467524
634,B0218,S017,2026-05-27,2,1,25.26,completed,0.7387231840335198,18.660147628686712,6.59985237131329
635,B0218,S006,2026-05-28,3,8,372.4,completed,0.5827247642383339,217.0067022023555,155.39329779764446
636,B0218,S026,2026-05-30,4,3,74.08,completed,0.5926209408050167,43.901359294835636,30.178640705164362
637,B0219,S016,2026-01-30,1,2,79.89,completed,0.6364669602085204,50.8473454510587,29.0426545489413
638,B0219,S012,2026-03-01,2,1,25.16,completed,0.680902242856227,17.131500430262673,8.028499569737328
639,B0219,S012,2026-03-02,3,7,312.22,completed,0.680902242856227,212.5912982645712,99.62870173542882
640,B0220,S013,2026-04-25,1,2,85.17,completed,0.6046519053996419,51.498202782887496,33.671797217112506
641,B0220,S013,2026-04-28,2,3,75.57,completed,0.6046519053996419,45.69354449105093,29.876455508949064
642,B0221,S023,2026-03-17,1,1,45.04,completed,0.6318668012630086,28.459280728885908,16.58071927111409
643,B0221,S013,2026-04-15,2,2,68.26,completed,0.6046519053996419,41.27353906257956,26.986460937420446
644,B0221,S005,2026-06-08,3,4,146.97,completed,0.6402774048659351,94.10157019314649,52.86842980685351
645,B0221,S021,2026-06-14,4,4,162.44,completed,0.604843040469734,98.2507034939036,64.1892965060964
646,B0222,S024,2026-03-12,1,4,65.1,completed,0.7288198407358268,47.446171631902324,17.65382836809767
647,B0222,S008,2026-05-21,2,2,59.28,completed,0.6887364451562977,40.82829646886533,18.45170353113467
648,B0222,S017,2026-06-18,3,1,33.41,completed,0.7387231840335198,24.680741578559893,8.729258421440104
649,B0222,S018,2026-06-20,4,6,235.2,completed,0.6339454633852245,149.1039729882048,86.0960270117952
650,B0223,S029,2026-01-23,1,1,37.15,completed,0.6237052687447523,23.170650733867546,13.979349266132452
651,B0224,S026,2026-04-21,1,4,189.04,completed,0.5926209408050167,112.02906264978036,77.01093735021963
652,B0224,S013,2026-05-04,2,2,50.7,completed,0.6046519053996419,30.655851603761842,20.04414839623816
653,B0224,S023,2026-05-14,3,1,46.85,completed,0.6318668012630086,29.602959639171956,17.247040360828045
654,B0224,S018,2026-05-15,4,3,98.56,cancelled,0.6339454633852245,62.48166487124773,36.07833512875227
655,B0224,S001,2026-05-19,5,7,238.75,completed,0.6391805412753497,152.60435422948976,86.14564577051024
656,B0224,S002,2026-06-01,6,8,428.68,completed,0.6047253332563332,259.2336558603249,169.4463441396751
657,B0224,S005,2026-06-03,7,2,31.84,completed,0.6402774048659351,20.386432570931373,11.453567429068627
658,B0225,S009,2026-02-24,1,4,136.28,completed,0.5941539225577521,80.97129656617047,55.308703433829535
659,B0225,S018,2026-03-14,2,4,179.13,completed,0.6339454633852245,113.55865085619526,65.57134914380474
660,B0225,S006,2026-04-04,3,3,152.3,cancelled,0.5827247642383339,88.74898159349826,63.551018406501754
661,B0225,S025,2026-06-15,4,5,174.84,completed,0.5959909211782173,104.2030526587995,70.6369473412005
662,B0225,S002,2026-06-21,5,5,120.08,completed,0.6047253332563332,72.61541801742048,47.46458198257952
663,B0226,S017,2026-01-23,1,3,149.66,completed,0.7387231840335198,110.55731172245656,39.102688277543436
664,B0226,S017,2026-02-18,2,3,121.69,completed,0.7387231840335198,89.89522426503902,31.79477573496098
665,B0226,S003,2026-03-03,3,5,207.33,completed,0.7494249000315423,155.37826452353966,51.95173547646036
666,B0226,S029,2026-03-07,4,6,278.71,cancelled,0.6237052687447523,173.8328954518499,104.87710454815007
667,B0227,S005,2026-03-08,1,3,133.13,completed,0.6402774048659351,85.24013090980193,47.88986909019806
668,B0228,S002,2026-06-01,1,4,156.46,completed,0.6047253332563332,94.61532564128589,61.844674358714116
669,B0229,S019,2026-02-01,1,1,26.98,completed,0.6777051895328171,18.284486013595405,8.695513986404595
670,B0229,S000,2026-02-27,2,3,163.91,completed,0.6866590753213011,112.55028903591446,51.35971096408554
671,B0229,S024,2026-02-28,3,6,298.07,completed,0.7288198407358268,217.23932992812792,80.83067007187208
672,B0229,S009,2026-02-28,4,2,71.77,completed,0.5941539225577521,42.642427021969866,29.12757297803013
673,B0229,S028,2026-03-02,5,7,359.13,completed,0.680333365075177,244.32812139944832,114.80187860055167
674,B0231,S005,2026-06-20,1,4,127.47,completed,0.6402774048659351,81.61616079826075,45.85383920173925
675,B0232,S025,2026-02-14,1,3,51.97,completed,0.5959909211782173,30.97364817363195,20.99635182636805
676,B0232,S000,2026-03-23,2,7,180.55,completed,0.6866590753213011,123.97629604926092,56.57370395073909
677,B0233,S012,2026-03-25,1,4,154.1,completed,0.680902242856227,104.92703562414458,49.172964375855415
678,B0233,S003,2026-04-19,2,3,79.24,completed,0.7494249000315423,59.38442907849941,19.855570921500586
679,B0233,S012,2026-05-10,3,3,59.52,completed,0.680902242856227,40.527301494802636,18.992698505197367
680,B0233,S019,2026-05-22,4,3,104.68,completed,0.6777051895328171,70.9421792402953,33.737820759704704
681,B0233,S014,2026-05-22,5,7,436.64,completed,0.7401727124500821,323.18901316420386,113.45098683579613
682,B0233,S009,2026-05-26,6,5,225.92,completed,0.5941539225577521,134.23125418424735,91.68874581575264
683,B0233,S010,2026-06-30,7,9,381.9,completed,0.5664762091231685,216.33726426413804,165.56273573586193
684,B0234,S013,2026-05-01,1,5,112.67,completed,0.6046519053996419,68.12613018137765,44.543869818622355
685,B0235,S006,2026-03-09,1,1,44.78,completed,0.5827247642383339,26.09441494259259,18.685585057407412
686,B0235,S022,2026-03-26,2,3,180.81,cancelled,0.7467955295919657,135.02809970552332,45.781900294476685
687,B0235,S025,2026-03-27,3,4,209.72,completed,0.5959909211782173,124.99121598949573,84.72878401050427
688,B0235,S025,2026-04-20,4,3,49.82,completed,0.5959909211782173,29.692267693098785,20.127732306901216
689,B0235,S012,2026-05-04,5,7,261.0,completed,0.680902242856227,177.71548538547526,83.28451461452474
690,B0235,S027,2026-05-24,6,5,285.64,completed,0.5562268165769023,158.88062788702638,126.75937211297361
691,B0235,S022,2026-06-07,7,7,222.63,cancelled,0.7467955295919657,166.25908875305933,56.370911246940665
692,B0236,S017,2026-04-28,1,1,42.6,completed,0.7387231840335198,31.469607639827945,11.130392360172056
693,B0236,S011,2026-05-30,2,6,360.75,cancelled,0.6860998604149426,247.51052464469055,113.23947535530945
694,B0237,S020,2026-05-09,1,1,28.27,completed,0.6295188795925589,17.79649872608164,10.473501273918359
695,B0237,S014,2026-05-26,2,8,121.17,completed,0.7401727124500821,89.68672756757645,31.483272432423547
696,B0237,S019,2026-05-28,3,2,60.56,completed,0.6777051895328171,41.04182627810741,19.518173721892595
697,B0237,S012,2026-06-02,4,7,175.99,completed,0.680902242856227,119.8319857202674,56.15801427973261
698,B0237,S020,2026-06-05,5,4,150.78,completed,0.6295188795925589,94.91885666496603,55.86114333503397
699,B0237,S018,2026-06-29,6,5,185.5,completed,0.6339454633852245,117.59688345795915,67.90311654204085
700,B0238,S018,2026-05-24,1,1,31.9,completed,0.6339454633852245,20.222860281988662,11.677139718011336
701,B0238,S000,2026-06-09,2,1,27.38,completed,0.6866590753213011,18.800725482297224,8.579274517702775
702,B0238,S020,2026-06-21,3,4,210.1,cancelled,0.6295188795925589,132.26191660239664,77.83808339760336
703,B0239,S029,2026-04-05,1,4,190.41,cancelled,0.6237052687447523,118.75972022168828,71.65027977831171
704,B0239,S012,2026-06-01,2,6,196.8,completed,0.680902242856227,134.0015613941055,62.79843860589452
705,B0240,S024,2026-05-15,1,4,176.64,completed,0.7288198407358268,128.73873666757643,47.901263332423554
706,B0240,S009,2026-06-02,2,5,130.67,completed,0.5941539225577521,77.63809306062146,53.03190693937853
707,B0240,S012,2026-06-12,3,3,94.98,completed,0.680902242856227,64.67209502648444,30.307904973515562
708,B0241,S011,2026-03-03,1,5,255.92,completed,0.6860998604149426,175.58667627739212,80.33332372260787
709,B0241,S029,2026-03-06,2,6,338.16,cancelled,0.6237052687447523,210.91217367872545,127.24782632127457
710,B0241,S016,2026-03-08,3,4,199.11,completed,0.6364669602085204,126.72693644711852,72.3830635528815
711,B0241,S013,2026-03-22,4,2,50.92,completed,0.6046519053996419,30.788875022949764,20.131124977050238
712,B0241,S014,2026-03-25,5,5,77.64,completed,0.7401727124500821,57.46700939462438,20.172990605375624
713,B0241,S013,2026-04-18,6,4,150.23,completed,0.6046519053996419,90.83685574818819,59.393144251811805
714,B0241,S016,2026-04-22,7,8,410.24,completed,0.6364669602085204,261.10420575594344,149.13579424405657
715,B0241,S005,2026-05-10,8,7,341.71,completed,0.6402774048659351,218.78919201673867,122.92080798326131
716,B0241,S009,2026-05-11,9,8,315.91,completed,0.5941539225577521,187.6991656752195,128.21083432478054
717,B0241,S013,2026-05-20,10,3,138.66,completed,0.6046519053996419,83.84103320271434,54.818966797285654
718,B0242,S020,2026-03-09,1,7,340.2,completed,0.6295188795925589,214.16232283738853,126.03767716261146
719,B0243,S019,2026-03-17,1,3,68.12,completed,0.6777051895328171,46.16527751097551,21.954722489024498
720,B0243,S006,2026-04-09,2,6,125.93,completed,0.5827247642383339,73.38252956053338,52.54747043946662
721,B0243,S012,2026-04-14,3,7,395.56,completed,0.680902242856227,269.3376911842092,126.22230881579083
722,B0243,S005,2026-05-23,4,7,432.17,completed,0.6402774048659351,276.7086860609112,155.46131393908883
723,B0243,S029,2026-06-30,5,3,115.31,completed,0.6237052687447523,71.91945453895738,43.39054546104262
724,B0244,S006,2026-05-09,1,2,109.51,completed,0.5827247642383339,63.81418893173994,45.69581106826006
725,B0244,S021,2026-05-14,2,2,71.72,completed,0.604843040469734,43.379342862489324,28.340657137510675
726,B0245,S025,2026-04-24,1,4,207.48,completed,0.5959909211782173,123.65619632605652,83.82380367394347
727,B0246,S014,2026-05-15,1,8,270.81,completed,0.7401727124500821,200.44617225860674,70.36382774139327
728,B0247,S020,2026-01-24,1,5,82.67,completed,0.6295188795925589,52.042325775916844,30.627674224083158
729,B0248,S025,2026-05-03,1,4,135.66,completed,0.5959909211782173,80.85212836703695,54.80787163296304
730,B0249,S019,2026-02-10,1,1,25.65,completed,0.6777051895328171,17.383138111516757,8.266861888483241
731,B0249,S008,2026-05-10,2,8,481.92,cancelled,0.6887364451562977,331.915867649723,150.00413235027702
732,B0250,S006,2026-04-09,1,1,45.3,completed,0.5827247642383339,26.397431819996523,18.902568180003474
733,B0251,S017,2026-05-12,1,6,271.91,completed,0.7387231840335198,200.8662209705544,71.04377902944563
734,B0251,S010,2026-06-09,2,6,121.39,completed,0.5664762091231685,68.76454702546143,52.625452974538575
735,B0251,S006,2026-06-11,3,5,228.49,completed,0.5827247642383339,133.14678138081692,95.34321861918309
736,B0252,S009,2026-06-26,1,7,295.27,completed,0.5941539225577521,175.43582871362747,119.83417128637251
737,B0253,S001,2026-04-02,1,3,130.59,cancelled,0.6391805412753497,83.47058688514792,47.11941311485208
738,B0253,S013,2026-04-25,2,3,134.84,completed,0.6046519053996419,81.53126292408771,53.30873707591229
739,B0253,S003,2026-04-25,3,3,127.69,completed,0.7494249000315423,95.69406548502764,31.99593451497236
740,B0253,S016,2026-05-06,4,3,68.44,completed,0.6364669602085204,43.559798756671135,24.880201243328862
741,B0253,S013,2026-05-10,5,3,80.49,completed,0.6046519053996419,48.66843186561717,31.821568134382822
742,B0254,S006,2026-05-21,1,3,92.35,completed,0.5827247642383339,53.81463197741013,38.535368022589864
743,B0254,S016,2026-06-07,2,5,173.61,completed,0.6364669602085204,110.49702896180125,63.112971038198765
744,B0254,S018,2026-06-13,3,4,239.73,completed,0.6339454633852245,151.97574593733987,87.75425406266012
745,B0254,S011,2026-06-18,4,5,179.12,completed,0.6860998604149426,122.89420699752453,56.22579300247547
746,B0254,S008,2026-06-23,5,4,64.25,completed,0.6887364451562977,44.25131660129213,19.99868339870787
747,B0255,S006,2026-02-22,1,1,43.23,completed,0.5827247642383339,25.19119155802317,18.038808441976826
748,B0255,S010,2026-03-07,2,4,203.58,completed,0.5664762091231685,115.32322665329465,88.25677334670536
749,B0256,S010,2026-03-10,1,5,153.68,completed,0.5664762091231685,87.05606381804854,66.62393618195146
750,B0257,S018,2026-01-28,1,2,53.06,cancelled,0.6339454633852245,33.63714628722001,19.42285371277999
751,B0258,S017,2026-04-17,1,6,154.27,completed,0.7387231840335198,113.9628256008511,40.307174399148906
752,B0258,S003,2026-04-21,2,4,138.65,cancelled,0.7494249000315423,103.90776238937335,34.74223761062666
753,B0258,S018,2026-06-08,3,9,463.61,cancelled,0.6339454633852245,293.90345628002393,169.70654371997608
754,B0258,S012,2026-06-30,4,2,84.25,completed,0.680902242856227,57.366013960637126,26.883986039362874
755,B0259,S019,2026-02-20,1,3,158.66,completed,0.6777051895328171,107.52470537127677,51.13529462872323
756,B0259,S012,2026-02-26,2,4,79.07,completed,0.680902242856227,53.83894034264187,25.231059657358124
757,B0259,S013,2026-03-02,3,3,108.06,completed,0.6046519053996419,65.33868489748531,42.721315102514694
758,B0259,S022,2026-03-11,4,5,246.07,completed,0.7467955295919657,183.763975966695,62.30602403330499
759,B0259,S020,2026-03-29,5,4,100.05,cancelled,0.6295188795925589,62.98336390323552,37.066636096764476
760,B0259,S010,2026-04-20,6,3,160.97,cancelled,0.5664762091231685,91.18567538255644,69.78432461744356
761,B0259,S027,2026-05-29,7,4,249.85,completed,0.5562268165769023,138.97327012173903,110.87672987826096
762,B0260,S011,2026-01-26,1,3,54.57,completed,0.6860998604149426,37.44046938284342,17.129530617156583
763,B0260,S004,2026-01-30,2,2,89.29,completed,0.6352362604471946,56.720245695330014,32.56975430466999
764,B0260,S018,2026-04-04,3,4,160.26,completed,0.6339454633852245,101.59609996211607,58.66390003788392
765,B0260,S014,2026-04-04,4,4,111.11,completed,0.7401727124500821,82.24059008032862,28.869409919671384
766,B0260,S006,2026-05-30,5,8,445.09,completed,0.5827247642383339,259.36496531484,185.72503468515998
767,B0261,S018,2026-04-14,1,2,62.02,completed,0.6339454633852245,39.317297639151626,22.702702360848377
768,B0262,S025,2026-03-14,1,5,101.88,completed,0.5959909211782173,60.719555049636774,41.16044495036322
769,B0262,S004,2026-04-20,2,2,53.93,completed,0.6352362604471946,34.25829152591721,19.67170847408279
770,B0262,S020,2026-04-25,3,2,57.38,completed,0.6295188795925589,36.12179331102103,21.258206688978973
771,B0262,S008,2026-05-31,4,2,43.52,completed,0.6887364451562977,29.97381009320208,13.546189906797924
772,B0263,S010,2026-02-27,1,4,64.6,completed,0.5664762091231685,36.594363109356685,28.00563689064331
773,B0263,S012,2026-02-27,2,6,239.88,completed,0.680902242856227,163.33483001635173,76.54516998364826
774,B0263,S020,2026-03-01,3,6,276.75,completed,0.6295188795925589,174.21934992724067,102.53065007275933
775,B0264,S016,2026-03-09,1,3,108.93,completed,0.6364669602085204,69.33034597551413,39.59965402448587
776,B0264,S016,2026-03-09,2,2,110.52,cancelled,0.6364669602085204,70.34232844224567,40.17767155775432
777,B0264,S009,2026-04-02,3,4,88.25,completed,0.5941539225577521,52.43408366572162,35.81591633427838
778,B0264,S003,2026-04-13,4,6,268.48,completed,0.7494249000315423,201.20559716046847,67.27440283953155
779,B0264,S015,2026-04-27,5,3,127.66,completed,0.5802115783561801,74.06981009294995,53.590189907050046
780,B0264,S023,2026-06-10,6,9,141.68,completed,0.6318668012630086,89.52288840294307,52.15711159705694
781,B0264,S019,2026-06-19,7,2,100.8,completed,0.6777051895328171,68.31268310490796,32.487316895092036
782,B0265,S004,2026-03-06,1,4,203.06,completed,0.6352362604471946,128.99107504640733,74.06892495359267
783,B0265,S026,2026-03-31,2,4,182.97,cancelled,0.5926209408050167,108.43185353909391,74.53814646090609
784,B0265,S016,2026-04-13,3,3,103.46,completed,0.6364669602085204,65.84887170317351,37.61112829682648
785,B0265,S018,2026-04-21,4,5,151.9,completed,0.6339454633852245,96.2963158882156,55.6036841117844
786,B0265,S006,2026-05-18,5,2,74.47,completed,0.5827247642383339,43.39551319282872,31.074486807171276
787,B0266,S007,2026-01-13,1,3,151.6,completed,0.7089619097499859,107.47862551809786,44.12137448190214
788,B0266,S001,2026-03-28,2,3,43.8,cancelled,0.6391805412753497,27.996107707860318,15.803892292139679
789,B0266,S007,2026-04-07,3,5,114.32,completed,0.7089619097499859,81.04852552261838,33.27147447738162
790,B0266,S019,2026-04-22,4,5,93.12,completed,0.6777051895328171,63.107907249295934,30.01209275070407
791,B0266,S022,2026-05-22,5,3,149.11,completed,0.7467955295919657,111.35468141745801,37.755318582542
792,B0266,S003,2026-06-13,6,5,263.14,completed,0.7494249000315423,197.20366819430004,65.93633180569995
793,B0266,S007,2026-06-23,7,5,185.42,completed,0.7089619097499859,131.45571730584237,53.96428269415762
794,B0267,S026,2026-05-07,1,2,118.66,completed,0.5926209408050167,70.32040083592328,48.339599164076716
795,B0268,S015,2026-05-04,1,2,74.87,completed,0.5802115783561801,43.44044087152721,31.429559128472796
796,B0268,S027,2026-05-18,2,5,179.45,completed,0.5562268165769023,99.81490223472511,79.63509776527488
797,B0269,S001,2026-05-20,1,1,23.33,completed,0.6391805412753497,14.912082027953907,8.41791797204609
798,B0270,S012,2026-03-16,1,4,218.07,completed,0.680902242856227,148.48435209965743,69.58564790034256
799,B0271,S012,2026-03-16,1,6,346.39,completed,0.680902242856227,235.85772790296846,110.53227209703152
800,B0271,S022,2026-04-13,2,5,237.86,cancelled,0.7467955295919657,177.63278466874496,60.22721533125505
801,B0272,S004,2026-03-29,1,5,84.7,completed,0.6352362604471946,53.80451125987739,30.895488740122616
802,B0272,S022,2026-04-01,2,1,54.63,completed,0.7467955295919657,40.797439781609086,13.832560218390917
803,B0273,S012,2026-03-20,1,5,161.0,completed,0.680902242856227,109.62526109985255,51.37473890014745
804,B0273,S023,2026-03-26,2,3,147.23,cancelled,0.6318668012630086,93.02974914995276,54.200250850047226
805,B0273,S022,2026-05-14,3,5,99.29,completed,0.7467955295919657,74.14932813318627,25.140671866813733
806,B0273,S016,2026-05-16,4,6,175.7,completed,0.6364669602085204,111.82724490863704,63.87275509136295
807,B0273,S001,2026-05-22,5,5,271.24,cancelled,0.6391805412753497,173.37133001552587,97.86866998447414
808,B0274,S025,2026-04-11,1,7,353.9,completed,0.5959909211782173,210.92118700497107,142.9788129950289
809,B0274,S022,2026-04-21,2,4,116.48,completed,0.7467955295919657,86.98674328687217,29.493256713127835
810,B0274,S021,2026-04-28,3,1,31.04,completed,0.604843040469734,18.774327976180544,12.265672023819455
811,B0274,S014,2026-05-09,4,3,88.41,completed,0.7401727124500821,65.43866950771175,22.971330492288246
812,B0274,S024,2026-06-04,5,6,194.9,completed,0.7288198407358268,142.04698695941266,52.85301304058734
813,B0274,S019,2026-06-23,6,7,379.37,completed,0.6777051895328171,257.1010177530648,122.2689822469352
814,B0275,S009,2026-05-30,1,2,97.12,completed,0.5941539225577521,57.70422895880889,39.415771041191114
815,B0276,S003,2026-03-07,1,5,179.21,completed,0.7494249000315423,134.3044363346527,44.9055636653473
816,B0277,S017,2026-03-16,1,3,73.97,completed,0.7387231840335198,54.643353922959456,19.326646077040543
817,B0277,S016,2026-05-09,2,8,348.5,completed,0.6364669602085204,221.80873563266937,126.69126436733063
818,B0278,S008,2026-04-19,1,4,76.84,completed,0.6887364451562977,52.92250844580992,23.917491554190086
819,B0278,S004,2026-05-09,2,5,306.38,completed,0.6352362604471946,194.62368547581147,111.75631452418853
820,B0278,S011,2026-05-15,3,6,103.53,completed,0.6860998604149426,71.03191854875901,32.49808145124099
821,B0278,S002,2026-05-19,4,3,90.94,completed,0.6047253332563332,54.99372180633094,35.94627819366906
822,B0278,S028,2026-05-26,5,5,86.74,completed,0.680333365075177,59.01211608662086,27.727883913379138
823,B0279,S020,2026-03-07,1,10,542.32,completed,0.6295188795925589,341.4006787806366,200.91932121936344
824,B0280,S011,2026-04-11,1,7,275.72,completed,0.6860998604149426,189.17145351360801,86.54854648639201
825,B0281,S027,2026-01-22,1,6,304.84,completed,0.5562268165769023,169.5601827653029,135.27981723469708
826,B0282,S027,2026-04-10,1,4,173.58,completed,0.5562268165769023,96.54985082141872,77.0301491785813
827,B0282,S019,2026-05-08,2,6,192.55,completed,0.6777051895328171,130.49213424454393,62.05786575545608
828,B0282,S028,2026-06-10,3,6,319.73,completed,0.680333365075177,217.52298681548638,102.20701318451364
829,B0283,S007,2026-05-03,1,5,189.12,completed,0.7089619097499859,134.07887637191732,55.04112362808269
830,B0283,S023,2026-06-26,2,10,352.65,completed,0.6318668012630086,222.8278274654,129.82217253459999
831,B0284,S019,2026-01-08,1,4,82.3,completed,0.6777051895328171,55.77513709855084,26.524862901449154
832,B0284,S027,2026-01-24,2,7,252.82,cancelled,0.5562268165769023,140.62526376697244,112.19473623302756
833,B0284,S019,2026-01-27,3,2,115.73,completed,0.6777051895328171,78.43082158463292,37.29917841536708
834,B0284,S015,2026-03-15,4,2,34.78,completed,0.5802115783561801,20.179758695227946,14.600241304772055
835,B0284,S029,2026-06-03,5,5,244.08,completed,0.6237052687447523,152.23398199521915,91.84601800478086
836,B0285,S020,2026-03-07,1,3,82.7,completed,0.6295188795925589,52.061211342304624,30.63878865769538
837,B0285,S015,2026-03-09,2,1,49.32,completed,0.5802115783561801,28.616035044526804,20.703964955473197
838,B0285,S004,2026-03-26,3,3,61.5,completed,0.6352362604471946,39.06703001750247,22.432969982497532
839,B0285,S026,2026-03-28,4,4,179.5,completed,0.5926209408050167,106.3754588745005,73.1245411254995
840,B0285,S024,2026-04-01,5,6,152.49,completed,0.7288198407358268,111.13773751380624,41.352262486193766
841,B0285,S019,2026-04-08,6,7,120.02,completed,0.6777051895328171,81.3381768477287,38.68182315227129
842,B0286,S017,2026-06-16,1,3,81.97,completed,0.7387231840335198,60.55313939522762,21.41686060477238
843,B0288,S013,2026-01-06,1,6,94.7,completed,0.6046519053996419,57.260535441346086,37.43946455865392
844,B0288,S017,2026-02-21,2,6,323.45,completed,0.7387231840335198,238.94001387564197,84.50998612435802
845,B0288,S001,2026-02-25,3,3,133.28,cancelled,0.6391805412753497,85.18998254117861,48.09001745882139
846,B0289,S029,2026-05-01,1,5,220.27,completed,0.6237052687447523,137.3835595464066,82.88644045359342
847,B0291,S018,2026-04-23,1,6,250.95,completed,0.6339454633852245,159.08861403652207,91.86138596347791
848,B0292,S010,2026-06-02,1,7,391.25,completed,0.5664762091231685,221.6338168194397,169.6161831805603
849,B0292,S020,2026-06-11,2,9,509.93,completed,0.6295188795925589,321.01056227063356,188.91943772936645
850,B0293,S019,2026-04-22,1,5,126.12,completed,0.6777051895328171,85.4721785038789,40.64782149612111
851,B0294,S017,2026-02-19,1,7,104.3,completed,0.7387231840335198,77.0488280946961,27.25117190530389
852,B0294,S017,2026-02-26,2,2,122.83,completed,0.7387231840335198,90.73736869483723,32.09263130516277
853,B0294,S018,2026-03-12,3,7,395.15,completed,0.6339454633852245,250.50354985667144,144.64645014332854
854,B0294,S022,2026-03-29,4,5,143.56,completed,0.7467955295919657,107.2099662282226,36.350033771777404
855,B0294,S004,2026-04-02,5,5,225.32,completed,0.6352362604471946,143.13143420396187,82.18856579603812
856,B0294,S012,2026-04-30,6,9,168.25,completed,0.680902242856227,114.5618023605602,53.68819763943981
857,B0294,S029,2026-05-22,7,3,71.23,completed,0.6237052687447523,44.426526292688706,26.803473707311298
858,B0294,S015,2026-05-31,8,4,111.33,cancelled,0.5802115783561801,64.59495501839353,46.735044981606464
859,B0294,S003,2026-05-31,9,4,172.95,completed,0.7494249000315423,129.61303646045522,43.33696353954477
860,B0294,S001,2026-06-02,10,4,232.3,completed,0.6391805412753497,148.48163973826374,83.81836026173627
861,B0295,S011,2026-05-18,1,5,119.52,completed,0.6860998604149426,82.00265531679395,37.51734468320605
862,B0295,S021,2026-06-10,2,4,136.61,completed,0.604843040469734,82.62760775857038,53.982392241429636
863,B0295,S010,2026-06-20,3,6,265.52,completed,0.5664762091231685,150.4107630463837,115.10923695361629
864,B0296,S004,2026-03-11,1,2,115.7,cancelled,0.6352362604471946,73.49683533374042,42.20316466625958
865,B0297,S027,2026-02-26,1,1,18.77,completed,0.5562268165769023,10.440377347148456,8.329622652851544
866,B0297,S018,2026-03-15,2,3,162.96,completed,0.6339454633852245,103.30775271325619,59.652247286743815
867,B0297,S007,2026-04-23,3,4,139.01,completed,0.7089619097499859,98.55279507434552,40.457204925654466
868,B0297,S008,2026-04-28,4,2,63.99,completed,0.6887364451562977,44.07224512555149,19.917754874448512
869,B0297,S015,2026-05-24,5,6,268.12,completed,0.5802115783561801,155.566328388859,112.553671611141
870,B0297,S001,2026-06-03,6,6,298.52,completed,0.6391805412753497,190.80817518151738,107.7118248184826
871,B0297,S011,2026-06-14,7,5,134.66,completed,0.6860998604149426,92.39020720347618,42.26979279652382
872,B0298,S009,2026-01-18,1,7,126.24,completed,0.5941539225577521,75.00599118369063,51.23400881630937
873,B0299,S000,2026-05-09,1,5,87.83,completed,0.6866590753213011,60.30926658546988,27.52073341453012
874,B0299,S003,2026-06-07,2,4,214.72,completed,0.7494249000315423,160.91651453477274,53.803485465227254
875,B0300,S026,2026-06-25,1,2,65.36,completed,0.5926209408050167,38.733704691015895,26.626295308984105
876,B0301,S024,2026-04-19,1,4,130.34,completed,0.7288198407358268,94.99437804150767,35.34562195849233
877,B0301,S007,2026-05-09,2,3,56.31,completed,0.7089619097499859,39.9216451380217,16.3883548619783
878,B0301,S022,2026-06-01,3,6,279.16,completed,0.7467955295919657,208.47544004089318,70.68455995910685
879,B0302,S029,2026-05-27,1,6,242.85,completed,0.6237052687447523,151.4668245146631,91.38317548533689
880,B0302,S020,2026-06-27,2,4,154.99,completed,0.6295188795925589,97.56913114805072,57.420868851949294
881,B0303,S029,2026-05-20,1,4,69.66,completed,0.6237052687447523,43.44730902075944,26.212690979240556
882,B0303,S021,2026-05-30,2,5,83.13,completed,0.604843040469734,50.280601954248986,32.84939804575101
883,B0303,S020,2026-06-20,3,7,332.66,completed,0.6295188795925589,209.41575048526067,123.24424951473935
884,B0304,S024,2026-02-09,1,4,116.33,completed,0.7288198407358268,84.78361207279873,31.546387927201266
885,B0304,S025,2026-02-13,2,5,126.47,completed,0.5959909211782173,75.37497180140915,51.09502819859085
886,B0305,S015,2026-04-03,1,6,195.3,completed,0.5802115783561801,113.31532125296198,81.98467874703803
887,B0305,S019,2026-04-04,2,3,76.69,completed,0.6777051895328171,51.97321098527174,24.716789014728256
888,B0305,S028,2026-05-04,3,8,140.53,completed,0.680333365075177,95.60724779401463,44.922752205985375
889,B0306,S012,2026-03-08,1,2,48.78,completed,0.680902242856227,33.21441140652676,15.565588593473244
890,B0307,S020,2026-04-01,1,4,88.4,completed,0.6295188795925589,55.649468955982215,32.75053104401779
891,B0307,S017,2026-04-08,2,2,83.14,completed,0.7387231840335198,61.417445520546835,21.722554479453166
892,B0308,S009,2026-06-11,1,4,222.28,completed,0.5941539225577521,132.06853390613713,90.21146609386287
893,B0309,S008,2026-03-27,1,5,175.94,completed,0.6887364451562977,121.17629016079903,54.76370983920097
894,B0309,S009,2026-04-30,2,4,166.61,completed,0.5941539225577521,98.99198503734709,67.61801496265292
895,B0309,S006,2026-05-06,3,3,57.43,completed,0.5827247642383339,33.465883210207515,23.964116789792484
896,B0309,S025,2026-06-07,4,3,49.34,completed,0.5959909211782173,29.406192050933242,19.93380794906676
897,B0309,S025,2026-06-13,5,5,202.24,completed,0.5959909211782173,120.53320389908266,81.70679610091734
898,B0310,S007,2026-01-27,1,5,150.27,completed,0.7089619097499859,106.53570617813038,43.73429382186963
899,B0310,S006,2026-02-08,2,4,126.89,completed,0.5827247642383339,73.94194533420219,52.94805466579781
900,B0310,S021,2026-02-09,3,3,62.86,completed,0.604843040469734,38.02043352392748,24.83956647607252
901,B0310,S020,2026-02-12,4,2,117.49,completed,0.6295188795925589,73.96217316332975,43.52782683667024
902,B0310,S005,2026-02-17,5,5,232.8,completed,0.6402774048659351,149.0565798527897,83.74342014721032
903,B0310,S019,2026-02-19,6,3,126.56,completed,0.6777051895328171,85.77036878727334,40.78963121272666
904,B0310,S022,2026-03-17,7,6,114.74,completed,0.7467955295919657,85.68731906538214,29.052680934617854
905,B0310,S002,2026-05-02,8,6,130.97,completed,0.6047253332563332,79.20087689658195,51.76912310341805
906,B0310,S019,2026-05-13,9,8,421.95,completed,0.6777051895328171,285.95770472337216,135.99229527662783
907,B0311,S028,2026-05-26,1,6,256.12,completed,0.680333365075177,174.24698146305434,81.87301853694566
908,B0311,S008,2026-06-12,2,6,164.73,completed,0.6887364451562977,113.45555461059692,51.27444538940307
909,B0312,S029,2026-05-11,1,5,98.94,completed,0.6237052687447523,61.70939928960579,37.23060071039421
910,B0312,S014,2026-06-14,2,4,213.87,completed,0.7401727124500821,158.30073801169905,55.56926198830095
911,B0313,S008,2026-03-07,1,4,162.38,completed,0.6887364451562977,111.83702396447963,50.54297603552037
912,B0313,S013,2026-03-20,2,4,79.66,completed,0.6046519053996419,48.166570784135466,31.49342921586453
913,B0314,S011,2026-05-13,1,2,81.88,completed,0.6860998604149426,56.1778565707755,25.702143429224492
914,B0314,S014,2026-06-06,2,4,152.8,completed,0.7401727124500821,113.09839046237255,39.70160953762746
915,B0315,S028,2026-01-27,1,4,61.93,completed,0.680333365075177,42.13304529910572,19.796954700894283
916,B0315,S001,2026-01-30,2,1,37.42,completed,0.6391805412753497,23.918135854523587,13.501864145476414
917,B0315,S022,2026-02-21,3,1,32.47,completed,0.7467955295919657,24.248450845851124,8.221549154148875
918,B0315,S026,2026-03-14,4,4,72.57,completed,0.5926209408050167,43.00650167422006,29.563498325779932
919,B0315,S008,2026-06-11,5,2,112.26,completed,0.6887364451562977,77.31755333324598,34.94244666675402
920,B0316,S003,2026-02-23,1,1,31.02,cancelled,0.7494249000315423,23.24716039897844,7.772839601021559
921,B0316,S021,2026-03-21,2,7,110.57,completed,0.604843040469734,66.87749498473849,43.6925050152615
922,B0317,S022,2026-04-25,1,5,244.36,completed,0.7467955295919657,182.48695561109275,61.87304438890726
923,B0317,S020,2026-05-09,2,4,158.15,completed,0.6295188795925589,99.55841080756319,58.591589192436814
924,B0317,S003,2026-06-04,3,3,153.85,completed,0.7494249000315423,115.29902086985277,38.550979130147226
925,B0318,S020,2026-05-23,1,6,284.55,cancelled,0.6295188795925589,179.12959718806266,105.42040281193735
926,B0320,S028,2026-03-04,1,5,177.47,completed,0.680333365075177,120.73876229989168,56.73123770010832
927,B0320,S015,2026-03-10,2,6,299.72,completed,0.5802115783561801,173.90101426491432,125.8189857350857
928,B0320,S029,2026-03-19,3,1,42.06,completed,0.6237052687447523,26.233043603404283,15.826956396595719
929,B0320,S029,2026-03-24,4,2,55.95,completed,0.6237052687447523,34.896309786268894,21.05369021373111
930,B0320,S022,2026-04-30,5,1,50.09,cancelled,0.7467955295919657,37.406988077261566,12.683011922738437
931,B0321,S015,2026-03-30,1,5,254.63,completed,0.5802115783561801,147.73927419683415,106.89072580316585
932,B0321,S017,2026-04-09,2,4,202.05,completed,0.7387231840335198,149.25901933397267,52.79098066602734
933,B0321,S012,2026-04-16,3,6,106.42,completed,0.680902242856227,72.46161668475968,33.958383315240326
934,B0321,S013,2026-04-18,4,4,171.8,cancelled,0.6046519053996419,103.87919734765848,67.92080265234154
935,B0321,S001,2026-04-23,5,5,143.97,completed,0.6391805412753497,92.0228225274121,51.947177472587896
936,B0321,S018,2026-04-26,6,6,153.28,completed,0.6339454633852245,97.17116062768721,56.10883937231279
937,B0321,S001,2026-06-27,7,6,131.06,completed,0.6391805412753497,83.77100173954734,47.28899826045266
938,B0322,S001,2026-05-23,1,4,153.79,completed,0.6391805412753497,98.29957544273603,55.490424557263964
939,B0322,S010,2026-05-30,2,2,37.35,completed,0.5664762091231685,21.157886410750347,16.192113589249654
940,B0322,S019,2026-06-12,3,1,22.26,completed,0.6777051895328171,15.085717519000509,7.1742824809994925
941,B0323,S002,2026-05-13,1,1,27.92,cancelled,0.6047253332563332,16.88393130451682,11.03606869548318
942,B0323,S022,2026-05-24,2,6,167.4,completed,0.7467955295919657,125.01357165369507,42.38642834630494
943,B0323,S028,2026-06-05,3,4,174.55,completed,0.680333365075177,118.75218887387216,55.797811126127854
944,B0323,S001,2026-06-20,4,4,196.78,completed,0.6391805412753497,125.77794691216332,71.00205308783669
945,B0324,S011,2026-03-26,1,4,162.37,completed,0.6860998604149426,111.40203433557424,50.96796566442576
946,B0324,S026,2026-05-03,2,2,85.97,completed,0.5926209408050167,50.947622281007284,35.022377718992715
947,B0325,S019,2026-04-30,1,5,253.37,completed,0.6777051895328171,171.71016387192986,81.65983612807014
948,B0326,S011,2026-01-24,1,7,303.9,completed,0.6860998604149426,208.50574758010106,95.39425241989892
949,B0326,S008,2026-01-28,2,2,33.64,completed,0.6887364451562977,23.169094015057855,10.470905984942146
950,B0326,S003,2026-03-02,3,8,419.7,completed,0.7494249000315423,314.5336305432383,105.16636945676169
951,B0326,S004,2026-03-16,4,6,327.82,completed,0.6352362604471946,208.24315089979933,119.57684910020066
952,B0327,S012,2026-04-05,1,3,106.81,completed,0.680902242856227,72.72716855947361,34.08283144052639
953,B0327,S012,2026-06-13,2,6,261.86,completed,0.680902242856227,178.3010613143316,83.55893868566841
954,B0328,S007,2026-04-30,1,4,201.69,completed,0.7089619097499859,142.99052757747464,58.69947242252536
955,B0328,S001,2026-05-01,2,2,76.91,cancelled,0.6391805412753497,49.15937542948715,27.750624570512848
956,B0330,S018,2026-02-06,1,3,79.96,completed,0.6339454633852245,50.69027925228255,29.269720747717443
957,B0331,S012,2026-05-15,1,2,44.78,cancelled,0.680902242856227,30.49080243510185,14.289197564898153
958,B0331,S027,2026-06-04,2,3,162.62,completed,0.5562268165769023,90.45360491173585,72.16639508826415
959,B0332,S003,2026-04-18,1,5,153.18,completed,0.7494249000315423,114.79690618683165,38.38309381316836
960,B0333,S013,2026-05-06,1,4,154.94,completed,0.6046519053996419,93.68476622262051,61.25523377737949
961,B0334,S029,2026-03-31,1,2,40.93,completed,0.6237052687447523,25.52825664972271,15.40174335027729
962,B0334,S028,2026-05-07,2,2,47.59,completed,0.680333365075177,32.37706484392768,15.212935156072326
963,B0334,S000,2026-05-15,3,3,103.28,completed,0.6866590753213011,70.91814929918398,32.36185070081602
964,B0334,S026,2026-05-16,4,7,159.95,completed,0.5926209408050167,94.78971948176242,65.16028051823757
965,B0335,S015,2026-02-21,1,5,208.72,completed,0.5802115783561801,121.10176063450191,87.61823936549808
966,B0335,S014,2026-03-14,2,7,163.07,completed,0.7401727124500821,120.69996421923489,42.37003578076511
967,B0335,S008,2026-03-14,3,6,125.23,completed,0.6887364451562977,86.25046502692317,38.97953497307684
968,B0336,S015,2026-04-11,1,3,138.2,completed,0.5802115783561801,80.18524012882408,58.01475987117591
969,B0336,S026,2026-06-04,2,5,265.9,completed,0.5926209408050167,157.57790816005394,108.32209183994604
970,B0336,S007,2026-06-21,3,2,124.94,completed,0.7089619097499859,88.57770100416323,36.36229899583677
971,B0337,S029,2026-03-08,1,4,90.06,completed,0.6237052687447523,56.17089650315239,33.88910349684761
972,B0337,S010,2026-03-14,2,4,183.71,completed,0.5664762091231685,104.0673443780173,79.64265562198271
973,B0337,S009,2026-03-20,3,4,169.69,completed,0.5941539225577521,100.82197911882496,68.86802088117504
974,B0337,S010,2026-06-02,4,4,129.66,completed,0.5664762091231685,73.44930527491003,56.210694725089965
975,B0338,S011,2026-05-20,1,4,112.52,cancelled,0.6860998604149426,77.19995629388934,35.32004370611065
976,B0338,S001,2026-06-18,2,1,58.16,completed,0.6391805412753497,37.17474028057434,20.985259719425656
977,B0339,S012,2026-01-27,1,6,218.31,completed,0.680902242856227,148.64776863794293,69.66223136205707
978,B0339,S027,2026-02-19,2,3,175.31,completed,0.5562268165769023,97.51212321409675,77.79787678590326
979,B0339,S015,2026-02-26,3,2,35.65,cancelled,0.5802115783561801,20.68454276839782,14.96545723160218
980,B0339,S017,2026-03-05,4,2,92.1,completed,0.7387231840335198,68.03640524948716,24.063594750512834
981,B0339,S024,2026-03-22,5,6,140.49,completed,0.7288198407358268,102.39189942497632,38.09810057502369
982,B0340,S019,2026-01-11,1,6,112.13,completed,0.6777051895328171,75.99108290231477,36.13891709768522
983,B0340,S011,2026-01-20,2,1,15.61,completed,0.6860998604149426,10.710018821077254,4.899981178922745
984,B0340,S029,2026-02-10,3,5,269.7,completed,0.6237052687447523,168.21331098045968,101.48668901954031
985,B0340,S026,2026-03-01,4,7,334.02,completed,0.5926209408050167,197.94724664769166,136.07275335230833
986,B0340,S019,2026-03-27,5,4,139.38,completed,0.6777051895328171,94.45854931708405,44.921450682915946
987,B0340,S021,2026-04-15,6,2,43.38,completed,0.604843040469734,26.238091095577065,17.141908904422937
988,B0340,S015,2026-04-21,7,4,166.81,completed,0.5802115783561801,96.78509338559441,70.0249066144056
989,B0341,S024,2026-03-20,1,4,207.3,cancelled,0.7288198407358268,151.0843529845369,56.215647015463105
990,B0341,S018,2026-03-25,2,2,107.33,completed,0.6339454633852245,68.04136658513615,39.28863341486385
991,B0341,S017,2026-05-12,3,4,88.61,completed,0.7387231840335198,65.45826133721019,23.15173866278981
992,B0341,S015,2026-06-11,4,6,222.27,completed,0.5802115783561801,128.96362752122815,93.30637247877186
993,B0341,S014,2026-06-13,5,7,117.54,completed,0.7401727124500821,86.99990062138265,30.540099378617356
994,B0341,S022,2026-06-17,6,2,34.76,completed,0.7467955295919657,25.958612608616725,8.801387391383273
995,B0342,S001,2026-05-01,1,3,120.28,completed,0.6391805412753497,76.88063550459907,43.39936449540093
996,B0342,S016,2026-05-22,2,4,90.96,completed,0.6364669602085204,57.893034700567014,33.06696529943298
997,B0343,S009,2026-02-17,1,2,45.55,completed,0.5941539225577521,27.063711172505606,18.48628882749439
998,B0344,S007,2026-05-19,1,4,148.04,completed,0.7089619097499859,104.9547211193879,43.085278880612094
999,B0344,S014,2026-06-01,2,4,120.17,completed,0.7401727124500821,88.94655485512637,31.223445144873637
1000,B0345,S028,2026-01-16,1,2,35.8,completed,0.680333365075177,24.355934469691338,11.44406553030866
1001,B0346,S005,2026-04-11,1,3,161.42,completed,0.6402774048659351,103.35357869345924,58.06642130654075
1002,B0346,S015,2026-04-11,2,4,134.5,completed,0.5802115783561801,78.03845728890622,56.461542711093784
1003,B0346,S021,2026-04-20,3,1,34.28,completed,0.604843040469734,20.734019427302485,13.545980572697516
1004,B0346,S029,2026-05-15,4,2,47.13,completed,0.6237052687447523,29.395229315940178,17.734770684059825
1005,B0346,S005,2026-05-20,5,6,119.21,completed,0.6402774048659351,76.32746943406812,42.88253056593187
1006,B0346,S024,2026-05-30,6,4,225.33,completed,0.7288198407358268,164.22497471300386,61.10502528699615
1007,B0346,S018,2026-06-15,7,8,227.59,completed,0.6339454633852245,144.27964801184325,83.31035198815675
1008,B0346,S011,2026-06-29,8,4,244.95,completed,0.6860998604149426,168.0601608086402,76.88983919135978
1009,B0347,S010,2026-01-06,1,8,166.15,completed,0.5664762091231685,94.12002214581446,72.02997785418555
1010,B0348,S000,2026-02-08,1,11,208.0,completed,0.6866590753213011,142.82508766683063,65.17491233316937
1011,B0349,S024,2026-01-28,1,10,298.91,completed,0.7288198407358268,217.851538594346,81.05846140565401
1012,B0350,S009,2026-04-18,1,1,36.68,completed,0.5941539225577521,21.79356587941835,14.88643412058165
1013,B0350,S003,2026-04-23,2,4,128.51,completed,0.7494249000315423,96.30859390305349,32.2014060969465
1014,B0350,S012,2026-05-11,3,2,45.32,completed,0.680902242856227,30.85848964624421,14.461510353755791
1015,B0350,S023,2026-05-24,4,3,64.73,completed,0.6318668012630086,40.90073804575455,23.829261954245453
1016,B0351,S017,2026-01-08,1,3,65.87,completed,0.7387231840335198,48.65969613228795,17.210303867712057
1017,B0351,S011,2026-01-27,2,4,200.28,completed,0.6860998604149426,137.41208004390472,62.86791995609528
1018,B0351,S009,2026-02-26,3,1,16.41,completed,0.5941539225577521,9.750065869172712,6.659934130827288
1019,B0351,S018,2026-04-04,4,4,162.13,completed,0.6339454633852245,102.78157797864645,59.34842202135354
1020,B0351,S024,2026-04-05,5,5,200.56,completed,0.7288198407358268,146.17210725797744,54.38789274202256
1021,B0351,S022,2026-04-19,6,4,85.73,completed,0.7467955295919657,64.02278075191923,21.707219248080776
1022,B0351,S003,2026-04-22,7,5,242.94,completed,0.7494249000315423,182.0652852136629,60.87471478633711
1023,B0352,S020,2026-05-12,1,10,580.88,completed,0.6295188795925589,365.6749267777256,215.2050732222744
1024,B0352,S014,2026-05-20,2,8,130.26,completed,0.7401727124500821,96.41489752374768,33.84510247625231
1025,B0352,S011,2026-06-24,3,3,49.45,completed,0.6860998604149426,33.927638097518916,15.522361902481087
1026,B0353,S027,2026-04-17,1,4,127.44,completed,0.5562268165769023,70.88554550456043,56.55445449543957
1027,B0354,S010,2026-05-20,1,5,114.89,completed,0.5664762091231685,65.08245166616084,49.807548333839165
1028,B0354,S004,2026-05-25,2,5,204.31,completed,0.6352362604471946,129.78512037196634,74.52487962803366
1029,B0354,S011,2026-06-11,3,2,101.85,cancelled,0.6860998604149426,69.8792707832619,31.970729216738093
1030,B0354,S001,2026-06-21,4,7,358.35,completed,0.6391805412753497,229.05034696602158,129.29965303397844
1031,B0355,S005,2026-03-01,1,1,46.17,completed,0.6402774048659351,29.561607782660225,16.608392217339777
1032,B0355,S029,2026-06-17,2,4,66.86,completed,0.6237052687447523,41.70093426827414,25.15906573172586
1033,B0357,S012,2026-03-22,1,5,270.0,completed,0.680902242856227,183.84360557118129,86.15639442881871
1034,B0357,S000,2026-03-22,2,5,212.23,completed,0.6866590753213011,145.72965555543973,66.50034444456026
1035,B0357,S005,2026-04-24,3,4,175.06,cancelled,0.6402774048659351,112.0869624958306,62.9730375041694
1036,B0357,S008,2026-05-03,4,5,88.1,completed,0.6887364451562977,60.67768081826983,27.422319181730167
1037,B0357,S014,2026-05-15,5,4,173.72,completed,0.7401727124500821,128.58280360682826,45.137196393171735
1038,B0357,S000,2026-05-31,6,6,357.65,completed,0.6866590753213011,245.58361828866333,112.06638171133665
1039,B0358,S017,2026-03-10,1,2,37.67,completed,0.7387231840335198,27.82770234254269,9.842297657457312
1040,B0358,S008,2026-04-12,2,7,383.12,completed,0.6887364451562977,263.8687068682808,119.2512931317192
1041,B0359,S013,2026-04-01,1,1,26.39,completed,0.6046519053996419,15.95676378349655,10.43323621650345
1042,B0359,S021,2026-04-04,2,5,191.96,completed,0.604843040469734,116.10567004857015,75.85432995142986
1043,B0359,S007,2026-05-27,3,2,76.25,completed,0.7089619097499859,54.05834561843642,22.19165438156358
1044,B0360,S022,2026-03-20,1,1,43.57,completed,0.7467955295919657,32.53788122432194,11.032118775678057
1045,B0360,S006,2026-04-14,2,1,48.01,cancelled,0.5827247642383339,27.976615931082407,20.03338406891759
1046,B0360,S013,2026-04-16,3,4,81.76,completed,0.6046519053996419,49.43633978547472,32.32366021452528
1047,B0360,S007,2026-06-08,4,1,39.92,completed,0.7089619097499859,28.301759437219438,11.618240562780564
1048,B0360,S000,2026-06-10,5,7,279.65,cancelled,0.6866590753213011,192.02421041360185,87.62578958639813
1049,B0360,S028,2026-06-30,6,6,176.49,completed,0.680333365075177,120.072035602118,56.417964397882
1050,B0361,S017,2026-03-12,1,2,96.6,completed,0.7387231840335198,71.360659577638,25.23934042236199
1051,B0361,S026,2026-03-31,2,3,169.69,completed,0.5926209408050167,100.56184744520328,69.12815255479671
1052,B0361,S016,2026-04-01,3,3,164.84,completed,0.6364669602085204,104.91521372077251,59.92478627922749
1053,B0361,S012,2026-04-02,4,2,72.13,completed,0.680902242856227,49.113478777219655,23.01652122278034
1054,B0361,S012,2026-05-27,5,7,349.59,completed,0.680902242856227,238.0366150801084,111.55338491989158
1055,B0362,S024,2026-02-25,1,4,201.8,completed,0.7288198407358268,147.07584386048987,54.72415613951014
1056,B0362,S022,2026-05-07,2,5,114.99,completed,0.7467955295919657,85.87401794778013,29.115982052219863
1057,B0364,S004,2026-01-26,1,9,348.17,completed,0.6352362604471946,221.17020879989977,126.99979120010025
1058,B0364,S013,2026-02-23,2,4,83.53,completed,0.6046519053996419,50.50657365803209,33.02342634196791
1059,B0364,S015,2026-03-03,3,3,70.02,completed,0.5802115783561801,40.62641471649973,29.393585283500265
1060,B0364,S026,2026-03-16,4,4,195.55,completed,0.5926209408050167,115.88702497442102,79.66297502557899
1061,B0364,S020,2026-04-16,5,6,374.66,completed,0.6295188795925589,235.85554342814814,138.8044565718519
1062,B0364,S012,2026-05-04,6,4,117.13,completed,0.680902242856227,79.75407970574987,37.37592029425012
1063,B0365,S022,2026-04-10,1,4,68.96,completed,0.7467955295919657,51.49901972066195,17.460980279338045
1064,B0366,S012,2026-02-26,1,3,79.76,completed,0.680902242856227,54.30876289021267,25.451237109787336
1065,B0366,S009,2026-03-31,2,3,114.22,completed,0.5941539225577521,67.86426103454644,46.355738965453554
1066,B0368,S014,2026-02-21,1,7,207.81,completed,0.7401727124500821,153.81529137425156,53.994708625748444
1067,B0368,S029,2026-03-30,2,9,311.76,completed,0.6237052687447523,194.44635458386398,117.31364541613601
1068,B0368,S002,2026-05-21,3,2,47.01,completed,0.6047253332563332,28.42813791638022,18.58186208361978
1069,B0368,S003,2026-05-24,4,1,23.67,completed,0.7494249000315423,17.738887383746608,5.931112616253394
1070,B0368,S024,2026-06-05,5,6,102.83,completed,0.7288198407358268,74.94454422286508,27.885455777134922
1071,B0369,S009,2026-03-24,1,5,287.89,completed,0.5941539225577521,171.05097276515124,116.83902723484874
1072,B0369,S007,2026-04-13,2,1,59.66,completed,0.7089619097499859,42.29666753568415,17.363332464315846
1073,B0369,S002,2026-04-22,3,4,136.11,completed,0.6047253332563332,82.30916510951951,53.8008348904805
1074,B0370,S017,2026-04-15,1,1,50.19,completed,0.7387231840335198,37.07651660664236,13.11348339335764
1075,B0371,S029,2026-01-18,1,3,121.43,completed,0.6237052687447523,75.73653078367528,45.69346921632473
1076,B0371,S002,2026-01-25,2,3,186.96,completed,0.6047253332563332,113.05944830560405,73.90055169439596
1077,B0371,S006,2026-02-02,3,1,16.49,completed,0.5827247642383339,9.609131362290125,6.880868637709874
1078,B0371,S012,2026-02-07,4,2,73.56,completed,0.680902242856227,50.08716898450406,23.47283101549594
1079,B0371,S021,2026-04-06,5,3,79.11,completed,0.604843040469734,47.84913293156066,31.26086706843934
1080,B0371,S009,2026-04-10,6,3,92.36,completed,0.5941539225577521,54.87605628743398,37.48394371256602
1081,B0371,S029,2026-06-03,7,4,207.68,completed,0.6237052687447523,129.53111021291016,78.14888978708984
1082,B0371,S007,2026-06-24,8,8,482.6,completed,0.7089619097499859,342.1450176453432,140.4549823546568
1083,B0372,S008,2026-04-05,1,4,140.29,completed,0.6887364451562977,96.622835890977,43.66716410902299
1084,B0372,S001,2026-04-27,2,3,158.67,completed,0.6391805412753497,101.41877648415974,57.25122351584025
1085,B0372,S003,2026-05-23,3,5,250.85,completed,0.7494249000315423,187.99323617291236,62.85676382708763
1086,B0372,S024,2026-06-04,4,3,133.85,completed,0.7288198407358268,97.55253568249042,36.29746431750958
1087,B0373,S028,2026-05-31,1,4,82.13,completed,0.680333365075177,55.87577927362429,26.254220726375706
1088,B0373,S010,2026-06-05,2,4,90.18,completed,0.5664762091231685,51.08482453872734,39.09517546127267
1089,B0373,S011,2026-06-25,3,3,47.82,completed,0.6860998604149426,32.809295325042555,15.010704674957445
1090,B0374,S018,2026-06-26,1,12,673.13,completed,0.6339454633852245,426.72770976849614,246.40229023150386
1091,B0375,S010,2026-05-30,1,5,317.31,completed,0.5664762091231685,179.74856591687262,137.56143408312738
1092,B0376,S008,2026-04-23,1,5,210.58,cancelled,0.6887364451562977,145.0341206210132,65.54587937898683
1093,B0376,S014,2026-05-24,2,4,162.63,completed,0.7401727124500821,120.37428822575684,42.25571177424315
1094,B0378,S016,2026-03-20,1,2,66.48,completed,0.6364669602085204,42.312323514662445,24.16767648533756
1095,B0379,S015,2026-05-25,1,2,91.54,completed,0.5802115783561801,53.112567882724726,38.42743211727528
1096,B0379,S026,2026-05-30,2,2,49.31,completed,0.5926209408050167,29.222138591095376,20.087861408904626
1097,B0380,S018,2026-02-06,1,4,69.39,completed,0.6339454633852245,43.98947570430073,25.40052429569927
1098,B0380,S004,2026-03-06,2,10,326.47,completed,0.6352362604471946,207.38558194819564,119.08441805180439
1099,B0380,S028,2026-03-27,3,6,281.55,completed,0.680333365075177,191.5478589369161,90.00214106308391
1100,B0381,S006,2026-04-18,1,4,69.75,completed,0.5827247642383339,40.645052305623786,29.104947694376214
1101,B0382,S026,2026-05-03,1,3,140.3,completed,0.5926209408050167,83.14471799494385,57.155282005056165
1102,B0382,S008,2026-05-18,2,8,393.99,completed,0.6887364451562977,271.35527202712973,122.63472797287028
1103,B0382,S001,2026-05-20,3,4,112.88,completed,0.6391805412753497,72.15069949916148,40.72930050083852
1104,B0382,S005,2026-06-13,4,3,176.01,completed,0.6402774048659351,112.69522603045323,63.31477396954676
1105,B0383,S007,2026-02-15,1,4,138.27,completed,0.7089619097499859,98.02816326113054,40.241836738869466
1106,B0383,S012,2026-02-27,2,4,236.4,completed,0.680902242856227,160.96529021121208,75.43470978878793
1107,B0383,S017,2026-03-27,3,4,127.61,completed,0.7387231840335198,94.26846551451746,33.34153448548254
1108,B0383,S016,2026-04-13,4,1,31.61,completed,0.6364669602085204,20.118720612191332,11.491279387808667
1109,B0383,S008,2026-04-15,5,6,186.84,cancelled,0.6887364451562977,128.68351741300268,58.15648258699733
1110,B0383,S005,2026-04-28,6,4,116.08,completed,0.6402774048659351,74.32340115683775,41.75659884316225
1111,B0383,S006,2026-04-30,7,5,254.4,completed,0.5827247642383339,148.24518002223215,106.15481997776786
1112,B0383,S008,2026-05-05,8,6,323.07,completed,0.6887364451562977,222.5100833366451,100.5599166633549
1113,B0383,S027,2026-05-05,9,10,255.83,completed,0.5562268165769023,142.2995064848689,113.5304935151311
1114,B0383,S024,2026-05-10,10,7,341.57,completed,0.7288198407358268,248.94299300013637,92.62700699986362
1115,B0383,S018,2026-05-21,11,9,172.26,completed,0.6339454633852245,109.20344552273876,63.05655447726123
1116,B0383,S023,2026-06-09,12,4,154.85,completed,0.6318668012630086,97.84457417557688,57.005425824423114
1117,B0384,S024,2026-04-07,1,4,205.12,completed,0.7288198407358268,149.4955257317328,55.62447426826719
1118,B0384,S025,2026-04-26,2,6,258.61,completed,0.5959909211782173,154.1292121258988,104.48078787410122
1119,B0384,S003,2026-05-26,3,4,148.7,completed,0.7494249000315423,111.43948263469032,37.26051736530967
1120,B0384,S022,2026-05-30,4,4,159.74,completed,0.7467955295919657,119.29311789702061,40.4468821029794
1121,B0384,S005,2026-06-24,5,3,81.22,completed,0.6402774048659351,52.00333082321125,29.21666917678875
1122,B0386,S024,2026-01-13,1,2,48.98,completed,0.7288198407358268,35.697595799240794,13.282404200759203
1123,B0386,S005,2026-02-06,2,4,208.3,completed,0.6402774048659351,133.3697834335743,74.93021656642571
1124,B0386,S011,2026-03-07,3,4,143.26,completed,0.6860998604149426,98.29066600304468,44.969333996955314
1125,B0386,S018,2026-03-12,4,2,48.33,completed,0.6339454633852245,30.6385842454079,17.6914157545921
1126,B0386,S018,2026-04-24,5,4,70.15,completed,0.6339454633852245,44.4712742564735,25.678725743526506
1127,B0386,S023,2026-06-24,6,2,95.49,completed,0.6318668012630086,60.33696085260469,35.153039147395305
1128,B0387,S001,2026-05-25,1,5,265.82,completed,0.6391805412753497,169.90697148181346,95.91302851818654
1129,B0387,S013,2026-06-06,2,6,105.12,completed,0.6046519053996419,63.56100829561036,41.55899170438965
1130,B0387,S003,2026-06-12,3,6,342.64,completed,0.7494249000315423,256.7829477468076,85.85705225319236
1131,B0388,S025,2026-02-16,1,4,231.45,completed,0.5959909211782173,137.94209870669837,93.50790129330161
1132,B0388,S015,2026-03-03,2,4,183.22,completed,0.5802115783561801,106.30636538641932,76.91363461358068
1133,B0388,S015,2026-03-05,3,6,142.89,completed,0.5802115783561801,82.90643243131457,59.983567568685416
1134,B0389,S003,2026-03-07,1,6,194.0,completed,0.7494249000315423,145.38843060611921,48.611569393880785
1135,B0389,S022,2026-04-30,2,2,76.57,completed,0.7467955295919657,57.18213370085681,19.387866299143184
1136,B0389,S012,2026-05-06,3,6,231.6,completed,0.680902242856227,157.6969594455022,73.9030405544978
1137,B0389,S013,2026-05-09,4,3,130.07,completed,0.6046519053996419,78.64707333533141,51.42292666466858
1138,B0389,S016,2026-05-11,5,5,153.22,completed,0.6364669602085204,97.5194676431495,55.7005323568505
1139,B0389,S008,2026-06-03,6,2,68.32,cancelled,0.6887364451562977,47.054473933078256,21.265526066921737
1140,B0390,S006,2026-05-19,1,1,59.99,completed,0.5827247642383339,34.95765860665765,25.03234139334235
1141,B0391,S027,2026-04-28,1,1,28.04,completed,0.5562268165769023,15.596599936816341,12.443400063183658
1142,B0391,S017,2026-05-02,2,2,81.95,completed,0.7387231840335198,60.53836493154695,21.41163506845305
1143,B0391,S017,2026-05-06,3,6,261.27,completed,0.7387231840335198,193.0062062924377,68.26379370756229
1144,B0391,S023,2026-05-17,4,1,33.95,completed,0.6318668012630086,21.451877902879147,12.498122097120856
1145,B0391,S012,2026-06-06,5,4,64.72,completed,0.680902242856227,44.06799315765501,20.65200684234499
1146,B0391,S002,2026-06-29,6,4,168.49,completed,0.6047253332563332,101.89017140035958,66.59982859964043
1147,B0392,S005,2026-02-04,1,5,144.88,completed,0.6402774048659351,92.76339041697668,52.11660958302332
1148,B0393,S009,2026-02-06,1,3,77.68,completed,0.5941539225577521,46.15387670428619,31.526123295713816
1149,B0393,S021,2026-03-17,2,1,57.14,completed,0.604843040469734,34.560731332440604,22.579268667559397
1150,B0394,S016,2026-05-19,1,6,210.9,completed,0.6364669602085204,134.23088190797696,76.66911809202304
1151,B0395,S024,2026-03-24,1,2,29.86,completed,0.7288198407358268,21.76256044437179,8.09743955562821
1152,B0396,S021,2026-03-26,1,5,158.9,completed,0.604843040469734,96.10955913064075,62.79044086935926
1153,B0397,S025,2026-04-24,1,1,45.8,completed,0.5959909211782173,27.29638418996235,18.503615810037648
1154,B0398,S025,2026-03-31,1,8,231.89,completed,0.5959909211782173,138.2043347120168,93.6856652879832
1155,B0398,S009,2026-04-20,2,6,136.24,completed,0.5941539225577521,80.94753040926815,55.292469590731855
1156,B0398,S010,2026-04-24,3,3,137.18,completed,0.5664762091231685,77.70920636751626,59.47079363248375
1157,B0398,S009,2026-05-28,4,4,152.95,completed,0.5941539225577521,90.87584245520819,62.0741575447918
1158,B0398,S027,2026-05-29,5,8,310.35,completed,0.5562268165769023,172.62499252464164,137.72500747535838
1159,B0398,S014,2026-06-05,6,3,132.7,completed,0.7401727124500821,98.22091894212589,34.4790810578741
1160,B0399,S012,2026-02-03,1,4,99.99,completed,0.680902242856227,68.08341526319414,31.906584736805854
1161,B0399,S003,2026-02-19,2,4,169.92,cancelled,0.7494249000315423,127.34227901335966,42.57772098664033
1162,B0399,S025,2026-03-03,3,5,165.8,completed,0.5959909211782173,98.81529473134843,66.98470526865158
